log4j user configuration file not found: C:\Users\Li/.stm32cubemx/log4j2.xml
Configure log4j with default settings from jar:file:/C:/Users/Li/AppData/Local/Programs/STM32CubeMX/STM32CubeMX.exe!/log4j/log4j2.stm32cubemx.xml
2026-10-05 18:50:44,919 [INFO] MicroXplorer:98 - [MX] MX Start == 444008186458700
2026-10-05 18:50:44,921 [INFO] MicroXplorer:653 - Detected Java Version = 21.0.10
2026-10-05 18:50:44,922 [INFO] ApplicationProperties:184 - Using Application install path: C:\Users\Li\AppData\Local\Programs\STM32CubeMX
2026-10-05 18:50:44,932 [INFO] DbMcusXml:78 - Set database path to: C:\Users\Li\AppData\Local\Programs\STM32CubeMX\\db\/mcu/
2026-10-05 18:50:44,932 [INFO] ApiDb:274 - Set plugin database path to: C:\Users\Li\AppData\Local\Programs\STM32CubeMX\\db\/plugins/boardmanager/
2026-10-05 18:50:44,932 [WARN] ApiDb:259 - Overriding images path with different value:  => C:\Users\Li\AppData\Local\Programs\STM32CubeMX\\db\/plugins/mcufinder/images/
2026-10-05 18:50:44,935 [INFO] McuFinderGlobals:63 - Set McuFinder mode to 1 (CubeMX integrated)
2026-10-05 18:50:44,944 [INFO] ApiDb:250 - Set database path to: C:\Users\Li\.stmcufinder\plugins\mcufinder//mcu/
2026-10-05 18:50:44,945 [INFO] DbMcusAds:125 - Set database path to: C:\Users\Li\.stmcufinder\plugins\mcufinder//mcu/
2026-10-05 18:50:44,962 [INFO] CrossReferenceDbSqlite:203 - Set database path to: C:\Users\Li\.stmcufinder\plugins\mcufinder//mcu/cs/
2026-10-05 18:50:45,041 [INFO] RulesReader:64 - Compatibility file has been processed (337 Rules)
2026-10-05 18:50:45,061 [INFO] STM32CubeMX:60 - Starting STM32CubeMX
2026-10-05 18:50:45,405 [INFO] MainPanel:275 - HeapMemory: 41943040
2026-10-05 18:50:45,436 [INFO] MainFrame:149 - AppUserModelID : STM32CubeMX.6.18.1-RC2
2026-10-05 18:50:45,595 [INFO] DbMcusXml:78 - Set database path to: C:\Users\Li\AppData\Local\Programs\STM32CubeMX\\db\/mcu/
2026-10-05 18:50:45,595 [INFO] ApiDb:274 - Set plugin database path to: C:\Users\Li\AppData\Local\Programs\STM32CubeMX\\db\/plugins/boardmanager/
2026-10-05 18:50:45,596 [INFO] ApiDb:261 - Set plugin images path to: C:\Users\Li\AppData\Local\Programs\STM32CubeMX\\db\/plugins/mcufinder/images/
2026-10-05 18:50:45,598 [WARN] DbFile:41 - Overriding database path with different value: C:\Users\Li\.stmcufinder\plugins\mcufinder/ => C:\Users\Li\.stmcufinder\plugins\mcufinder
2026-10-05 18:50:45,598 [INFO] ApiDb:250 - Set database path to: C:\Users\Li\.stmcufinder\plugins\mcufinder//mcu/
2026-10-05 18:50:45,599 [WARN] DbFile:41 - Overriding database path with different value: C:\Users\Li\.stmcufinder\plugins\mcufinder/ => C:\Users\Li\.stmcufinder\plugins\mcufinder
2026-10-05 18:50:45,599 [INFO] DbMcusAds:125 - Set database path to: C:\Users\Li\.stmcufinder\plugins\mcufinder//mcu/
2026-10-05 18:50:45,600 [WARN] DbFile:41 - Overriding database path with different value: C:\Users\Li\.stmcufinder\plugins\mcufinder/ => C:\Users\Li\.stmcufinder\plugins\mcufinder
2026-10-05 18:50:45,601 [WARN] DbFile:41 - Overriding database path with different value: C:\Users\Li\.stmcufinder\plugins\mcufinder/ => C:\Users\Li\.stmcufinder\plugins\mcufinder
2026-10-05 18:50:45,601 [INFO] CrossReferenceDbSqlite:203 - Set database path to: C:\Users\Li\.stmcufinder\plugins\mcufinder//mcu/cs/
2026-10-05 18:50:45,612 [INFO] ApplicationProperties:184 - Using Application install path: C:\Users\Li\AppData\Local\Programs\STM32CubeMX
2026-10-05 18:50:45,613 [INFO] PluginManage:196 - Search for loadable plugins [exclusion list=, ]
2026-10-05 18:50:45,614 [INFO] PluginManage:310 - Check plugin analytics
2026-10-05 18:50:45,828 [INFO] AnalyticsPlugin:253 - Accepted Software Licenses: 
2026-10-05 18:50:45,829 [INFO] AnalyticsPlugin:255 - Accepted CMSIS Pack Licenses: 
2026-10-05 18:50:45,829 [INFO] AnalyticsPlugin:257 - Accepted Firmware Licenses: 
2026-10-05 18:50:45,831 [INFO] PluginManage:359 - Loaded plugin analytics (category:tool,tabindex:-1)
2026-10-05 18:50:45,832 [INFO] PluginManage:310 - Check plugin cadmodel
2026-10-05 18:50:45,835 [INFO] CADModel:93 - Init CAD model plugin
2026-10-05 18:50:45,835 [INFO] PluginManage:359 - Loaded plugin cadmodel (category:power,tabindex:5)
2026-10-05 18:50:45,836 [INFO] PluginManage:310 - Check plugin clock
2026-10-05 18:50:45,842 [INFO] PluginManage:359 - Loaded plugin clock (category:base,tabindex:2)
2026-10-05 18:50:45,843 [INFO] PluginManage:310 - Check plugin ddr
2026-10-05 18:50:45,845 [INFO] PluginManage:359 - Loaded plugin ddr (category:tool,tabindex:6)
2026-10-05 18:50:45,845 [INFO] PluginManage:310 - Check plugin filemanager
2026-10-05 18:50:45,944 [INFO] PluginManage:359 - Loaded plugin filemanager (category:base,tabindex:10)
2026-10-05 18:50:45,944 [INFO] PluginManage:310 - Check plugin ipmanager
2026-10-05 18:50:45,951 [INFO] PluginManage:359 - Loaded plugin ipmanager (category:base,tabindex:5)
2026-10-05 18:50:45,952 [INFO] PluginManage:310 - Check plugin lpbam
2026-10-05 18:50:45,958 [INFO] PluginManage:359 - Loaded plugin lpbam (category:base,tabindex:0)
2026-10-05 18:50:45,958 [INFO] PluginManage:310 - Check plugin memorymap
2026-10-05 18:50:45,968 [INFO] PluginManage:359 - Loaded plugin memorymap (category:base,tabindex:4)
2026-10-05 18:50:45,969 [INFO] PluginManage:310 - Check plugin pinoutandconfiguration
2026-10-05 18:50:45,974 [INFO] PluginManage:359 - Loaded plugin pinoutandconfiguration (category:base,tabindex:1)
2026-10-05 18:50:45,974 [INFO] PluginManage:310 - Check plugin pinoutconfig
2026-10-05 18:50:46,030 [WARN] SupportedApi:132 - Cannot load RTOS API schema: s4s-elt-must-match.1: The content of 'definitions' must match (annotation?, (simpleType | complexType)?, (unique | key | keyref)*)). A problem was found starting at: attribute.
2026-10-05 18:50:46,160 [INFO] PluginManage:359 - Loaded plugin pinoutconfig (category:base,tabindex:0)
2026-10-05 18:50:46,161 [INFO] PluginManage:310 - Check plugin power
2026-10-05 18:50:46,168 [INFO] PluginManage:359 - Loaded plugin power (category:power,tabindex:4)
2026-10-05 18:50:46,168 [INFO] PluginManage:310 - Check plugin projectmanager
2026-10-05 18:50:46,218 [INFO] PluginManage:359 - Loaded plugin projectmanager (category:projectmanager,tabindex:4)
2026-10-05 18:50:46,218 [INFO] PluginManage:310 - Check plugin rif
2026-10-05 18:50:46,224 [INFO] PluginManage:359 - Loaded plugin rif (category:base,tabindex:3)
2026-10-05 18:50:46,224 [INFO] PluginManage:310 - Check plugin thirdparty
2026-10-05 18:50:46,316 [INFO] PluginManage:359 - Loaded plugin thirdparty (category:base,tabindex:-1)
2026-10-05 18:50:46,316 [INFO] PluginManage:310 - Check plugin tools
2026-10-05 18:50:46,316 [WARN] IntegrityCheckThread:84 - waiting for thirdparty lock release [integrity check]
2026-10-05 18:50:46,317 [INFO] IntegrityCheckThread:86 - entering critical section [integrity check]
2026-10-05 18:50:46,317 [INFO] ThirdPartyUpdaterWithRetryManager:70 - Updater plugin not ready yet. [1/15]
2026-10-05 18:50:46,318 [INFO] PluginManage:359 - Loaded plugin tools (category:base,tabindex:7)
2026-10-05 18:50:46,318 [INFO] PluginManage:310 - Check plugin tutovideos
2026-10-05 18:50:46,364 [INFO] PluginManage:359 - Loaded plugin tutovideos (category:base,tabindex:-1)
2026-10-05 18:50:46,364 [INFO] PluginManage:310 - Check plugin updater
2026-10-05 18:50:46,381 [INFO] PluginManage:359 - Loaded plugin updater (category:base,tabindex:12)
2026-10-05 18:50:46,381 [INFO] PluginManage:310 - Check plugin usernotification
2026-10-05 18:50:46,387 [INFO] UserNotification:110 - Init UserNotification plugin
2026-10-05 18:50:46,387 [INFO] PluginManage:359 - Loaded plugin usernotification (category:base,tabindex:19)
2026-10-05 18:50:46,388 [INFO] PluginManage:283 - PluginManage : Loaded plugins [18]
2026-10-05 18:50:46,604 [INFO] PinOutPanel:1500 - setPackage(No Configuration,No Configuration)
2026-10-05 18:50:46,672 [INFO] CADModel:153 - CPN selected for project level
2026-10-05 18:50:46,672 [INFO] CADModel:102 - Register for checkConnection events
2026-10-05 18:50:46,683 [INFO] IPUIPlugin:83 - create IPUIPlugin
2026-10-05 18:50:46,683 [INFO] PluginManager:220 - loadIPPluginJar : add adc
2026-10-05 18:50:46,685 [INFO] IPUIPlugin:83 - create IPUIPlugin
2026-10-05 18:50:46,685 [INFO] PluginManager:220 - loadIPPluginJar : add aes
2026-10-05 18:50:46,686 [INFO] IPUIPlugin:83 - create IPUIPlugin
2026-10-05 18:50:46,687 [INFO] PluginManager:220 - loadIPPluginJar : add can
2026-10-05 18:50:46,688 [INFO] IPUIPlugin:83 - create IPUIPlugin
2026-10-05 18:50:46,688 [INFO] PluginManager:220 - loadIPPluginJar : add comp
2026-10-05 18:50:46,690 [INFO] IPUIPlugin:83 - create IPUIPlugin
2026-10-05 18:50:46,690 [INFO] PluginManager:220 - loadIPPluginJar : add cryp
2026-10-05 18:50:46,692 [INFO] IPUIPlugin:83 - create IPUIPlugin
2026-10-05 18:50:46,692 [INFO] PluginManager:220 - loadIPPluginJar : add ddr_ctrl_phy
2026-10-05 18:50:46,693 [INFO] IPUIPlugin:83 - create IPUIPlugin
2026-10-05 18:50:46,693 [INFO] PluginManager:220 - loadIPPluginJar : add dfsdm
2026-10-05 18:50:46,696 [INFO] IPUIPlugin:83 - create IPUIPlugin
2026-10-05 18:50:46,697 [INFO] PluginManager:220 - loadIPPluginJar : add dma
2026-10-05 18:50:46,698 [INFO] IPUIPlugin:83 - create IPUIPlugin
2026-10-05 18:50:46,698 [INFO] PluginManager:220 - loadIPPluginJar : add dma3
2026-10-05 18:50:46,700 [INFO] IPUIPlugin:83 - create IPUIPlugin
2026-10-05 18:50:46,700 [INFO] PluginManager:220 - loadIPPluginJar : add extmemmanager
2026-10-05 18:50:46,701 [INFO] IPUIPlugin:83 - create IPUIPlugin
2026-10-05 18:50:46,701 [INFO] PluginManager:220 - loadIPPluginJar : add fatfs
2026-10-05 18:50:46,703 [INFO] IPUIPlugin:83 - create IPUIPlugin
2026-10-05 18:50:46,703 [INFO] PluginManager:220 - loadIPPluginJar : add fmc
2026-10-05 18:50:46,706 [INFO] IPUIPlugin:83 - create IPUIPlugin
2026-10-05 18:50:46,706 [INFO] PluginManager:220 - loadIPPluginJar : add freertos
2026-10-05 18:50:46,707 [INFO] IPUIPlugin:83 - create IPUIPlugin
2026-10-05 18:50:46,707 [INFO] PluginManager:220 - loadIPPluginJar : add genericplugin
2026-10-05 18:50:46,708 [INFO] IPUIPlugin:83 - create IPUIPlugin
2026-10-05 18:50:46,709 [INFO] PluginManager:220 - loadIPPluginJar : add gfxmmu
2026-10-05 18:50:46,711 [INFO] IPUIPlugin:83 - create IPUIPlugin
2026-10-05 18:50:46,711 [INFO] PluginManager:220 - loadIPPluginJar : add gic
2026-10-05 18:50:46,713 [INFO] IPUIPlugin:83 - create IPUIPlugin
2026-10-05 18:50:46,713 [INFO] PluginManager:220 - loadIPPluginJar : add gpio
2026-10-05 18:50:46,714 [INFO] IPUIPlugin:83 - create IPUIPlugin
2026-10-05 18:50:46,715 [INFO] PluginManager:220 - loadIPPluginJar : add gtzc
2026-10-05 18:50:46,716 [INFO] IPUIPlugin:83 - create IPUIPlugin
2026-10-05 18:50:46,716 [INFO] PluginManager:220 - loadIPPluginJar : add hash
2026-10-05 18:50:46,718 [INFO] IPUIPlugin:83 - create IPUIPlugin
2026-10-05 18:50:46,718 [INFO] PluginManager:220 - loadIPPluginJar : add hsp_engine
2026-10-05 18:50:46,720 [INFO] IPUIPlugin:83 - create IPUIPlugin
2026-10-05 18:50:46,720 [INFO] PluginManager:220 - loadIPPluginJar : add i2c
2026-10-05 18:50:46,721 [INFO] IPUIPlugin:83 - create IPUIPlugin
2026-10-05 18:50:46,722 [INFO] PluginManager:220 - loadIPPluginJar : add i2s
2026-10-05 18:50:46,723 [INFO] IPUIPlugin:83 - create IPUIPlugin
2026-10-05 18:50:46,723 [INFO] PluginManager:220 - loadIPPluginJar : add i3c
2026-10-05 18:50:46,724 [INFO] IPUIPlugin:83 - create IPUIPlugin
2026-10-05 18:50:46,724 [INFO] PluginManager:220 - loadIPPluginJar : add ipddr
2026-10-05 18:50:46,729 [INFO] IPUIPlugin:83 - create IPUIPlugin
2026-10-05 18:50:46,729 [INFO] PluginManager:220 - loadIPPluginJar : add linkedlist
2026-10-05 18:50:46,730 [INFO] IPUIPlugin:83 - create IPUIPlugin
2026-10-05 18:50:46,730 [INFO] PluginManager:220 - loadIPPluginJar : add lorawan
2026-10-05 18:50:46,732 [INFO] IPUIPlugin:83 - create IPUIPlugin
2026-10-05 18:50:46,732 [INFO] PluginManager:220 - loadIPPluginJar : add ltdc
2026-10-05 18:50:46,735 [INFO] IPUIPlugin:83 - create IPUIPlugin
2026-10-05 18:50:46,735 [INFO] PluginManager:220 - loadIPPluginJar : add mdma
2026-10-05 18:50:46,737 [INFO] IPUIPlugin:83 - create IPUIPlugin
2026-10-05 18:50:46,737 [INFO] PluginManager:220 - loadIPPluginJar : add nvic
2026-10-05 18:50:46,738 [INFO] IPUIPlugin:83 - create IPUIPlugin
2026-10-05 18:50:46,738 [INFO] PluginManager:220 - loadIPPluginJar : add opamp
2026-10-05 18:50:46,740 [INFO] IPUIPlugin:83 - create IPUIPlugin
2026-10-05 18:50:46,740 [INFO] PluginManager:220 - loadIPPluginJar : add openamp
2026-10-05 18:50:46,741 [INFO] IPUIPlugin:83 - create IPUIPlugin
2026-10-05 18:50:46,741 [INFO] PluginManager:220 - loadIPPluginJar : add pdm2pcm
2026-10-05 18:50:46,744 [INFO] IPUIPlugin:83 - create IPUIPlugin
2026-10-05 18:50:46,746 [INFO] PluginManager:220 - loadIPPluginJar : add plateformsettings
2026-10-05 18:50:46,747 [INFO] IPUIPlugin:83 - create IPUIPlugin
2026-10-05 18:50:46,747 [INFO] PluginManager:220 - loadIPPluginJar : add quadspi
2026-10-05 18:50:46,748 [INFO] IPUIPlugin:83 - create IPUIPlugin
2026-10-05 18:50:46,749 [INFO] PluginManager:220 - loadIPPluginJar : add radio
2026-10-05 18:50:46,752 [INFO] IPUIPlugin:83 - create IPUIPlugin
2026-10-05 18:50:46,752 [INFO] PluginManager:220 - loadIPPluginJar : add resmgrutility
2026-10-05 18:50:46,754 [INFO] IPUIPlugin:83 - create IPUIPlugin
2026-10-05 18:50:46,754 [INFO] PluginManager:220 - loadIPPluginJar : add sai
2026-10-05 18:50:46,756 [INFO] IPUIPlugin:83 - create IPUIPlugin
2026-10-05 18:50:46,756 [INFO] PluginManager:220 - loadIPPluginJar : add spi
2026-10-05 18:50:46,758 [INFO] IPUIPlugin:83 - create IPUIPlugin
2026-10-05 18:50:46,759 [INFO] PluginManager:220 - loadIPPluginJar : add stm32_wpan
2026-10-05 18:50:46,760 [INFO] IPUIPlugin:83 - create IPUIPlugin
2026-10-05 18:50:46,760 [INFO] PluginManager:220 - loadIPPluginJar : add tim
2026-10-05 18:50:46,761 [INFO] IPUIPlugin:83 - create IPUIPlugin
2026-10-05 18:50:46,761 [INFO] PluginManager:220 - loadIPPluginJar : add touchsensing
2026-10-05 18:50:46,762 [INFO] IPUIPlugin:83 - create IPUIPlugin
2026-10-05 18:50:46,762 [INFO] PluginManager:220 - loadIPPluginJar : add tracer_emb
2026-10-05 18:50:46,763 [INFO] IPUIPlugin:83 - create IPUIPlugin
2026-10-05 18:50:46,764 [INFO] PluginManager:220 - loadIPPluginJar : add ts
2026-10-05 18:50:46,765 [INFO] IPUIPlugin:83 - create IPUIPlugin
2026-10-05 18:50:46,765 [INFO] PluginManager:220 - loadIPPluginJar : add tsc
2026-10-05 18:50:46,766 [INFO] IPUIPlugin:83 - create IPUIPlugin
2026-10-05 18:50:46,766 [INFO] PluginManager:220 - loadIPPluginJar : add ucpd
2026-10-05 18:50:46,767 [INFO] IPUIPlugin:83 - create IPUIPlugin
2026-10-05 18:50:46,767 [INFO] PluginManager:220 - loadIPPluginJar : add usart
2026-10-05 18:50:46,769 [INFO] IPUIPlugin:83 - create IPUIPlugin
2026-10-05 18:50:46,769 [INFO] PluginManager:220 - loadIPPluginJar : add usbx
2026-10-05 18:50:46,789 [INFO] Updater:1136 - Updater Version found : 6.18.1
2026-10-05 18:50:46,798 [INFO] ApplicationProperties:184 - Using Application install path: C:\Users\Li\AppData\Local\Programs\STM32CubeMX
Oct 05, 2026 6:50:48 PM java.util.prefs.WindowsPreferences <init>
WARNING: Could not open/create prefs root node Software\JavaSoft\Prefs at root 0xffffffff80000002. Windows RegCreateKeyEx(...) returned error code 5.
2026-10-05 18:50:48,504 [INFO] MainUpdater:2878 - connection check result : 10
2026-10-05 18:50:48,505 [INFO] MainUpdater:287 - Updater Check For Update Now.
2026-10-05 18:50:48,505 [INFO] MicroXplorer:498 - Change Database Version : DB.6.0.181
2026-10-05 18:50:48,611 [INFO] RulesReader:64 - Compatibility file has been processed (337 Rules)
2026-10-05 18:50:48,623 [INFO] RulesReader:64 - Compatibility file has been processed (337 Rules)
2026-10-05 18:50:48,635 [INFO] CADModel:153 - CPN selected for project level
2026-10-05 18:50:48,635 [INFO] CADModel:102 - Register for checkConnection events
2026-10-05 18:50:48,726 [INFO] CheckServerUpdateThread:120 - End of CheckServer Thread
2026-10-05 18:50:48,883 [INFO] CADModel:153 - CPN selected for project level
2026-10-05 18:50:48,883 [INFO] CADModel:102 - Register for checkConnection events
2026-10-05 18:50:48,958 [INFO] HomeAdPanel:117 - Auto-refresh data requested => check proxy status ongoing
2026-10-05 18:50:49,261 [INFO] ServerAccessManage:452 - Complete download http(s) 200
2026-10-05 18:50:49,262 [INFO] ServerAccessManage:509 - Download File 
2026-10-05 18:50:49,265 [INFO] LoadUrlFilesThread:185 - End of LoadServerUrlFiles without Thread
2026-10-05 18:50:49,268 [INFO] DbMcusAds:53 - JSON generation date=Tue Sep 22 20:25:15 CST 2026 (1790079915856)
2026-10-05 18:50:49,270 [INFO] LoadUrlFilesThread:185 - End of LoadServerUrlFiles without Thread
2026-10-05 18:50:49,270 [INFO] HomeAdPanel:128 - Refresh advertisement image is successful
2026-10-05 18:50:49,312 [INFO] LoadUrlFilesThread:185 - End of LoadServerUrlFiles without Thread
2026-10-05 18:50:49,321 [INFO] DetailPanel:341 - Set advertising image to C:/Users/Li/STM32Cube/Repository/\en.banner-sidekick.jpg
2026-10-05 18:50:49,500 [INFO] LoadUrlFilesThread:185 - End of LoadServerUrlFiles without Thread
2026-10-05 18:50:49,578 [WARN] PackLoader:240 - Cannot read IP mode file for STMicroelectronics.X-CUBE-AZRTOS-H7.3.5.0
2026-10-05 18:50:49,592 [WARN] PackLoader:240 - Cannot read IP mode file for STMicroelectronics.FP-ATR-ASTRA1.2.0.3
2026-10-05 18:50:49,605 [INFO] LoadUrlFilesThread:185 - End of LoadServerUrlFiles without Thread
2026-10-05 18:50:49,605 [INFO] DetailPanel:341 - Set advertising image to C:/Users/Li/STM32Cube/Repository/\en.banner-sidekick.jpg
2026-10-05 18:50:49,610 [WARN] PackLoader:240 - Cannot read IP mode file for STMicroelectronics.X-CUBE-SMBUS.2.1.1
2026-10-05 18:50:49,625 [WARN] PackLoader:240 - Cannot read IP mode file for STMicroelectronics.X-CUBE-AZRTOS-F7.1.1.0
2026-10-05 18:50:49,627 [INFO] ServerAccessManage:452 - Complete download http(s) 200
2026-10-05 18:50:49,627 [INFO] ServerAccessManage:509 - Download File 
2026-10-05 18:50:49,629 [INFO] LoadUrlFilesThread:185 - End of LoadServerUrlFiles without Thread
2026-10-05 18:50:49,629 [INFO] ComparatorMD5DB:85 - Refresh file md5.xml
2026-10-05 18:50:49,637 [WARN] PackLoader:240 - Cannot read IP mode file for STMicroelectronics.X-CUBE-FREERTOS.1.6.0
2026-10-05 18:50:49,642 [WARN] PackLoader:240 - Cannot read IP mode file for STMicroelectronics.FP-SNS-MOTENV1.5.1.0
2026-10-05 18:50:49,668 [WARN] PackLoader:240 - Cannot read IP mode file for STMicroelectronics.X-CUBE-AZRTOS-H7RS.1.3.0
2026-10-05 18:50:49,680 [WARN] PackLoader:240 - Cannot read IP mode file for STMicroelectronics.X-CUBE-DISPLAY.3.0.0
2026-10-05 18:50:49,694 [WARN] PackLoader:240 - Cannot read IP mode file for STMicroelectronics.X-CUBE-GNSS1.7.1.1
2026-10-05 18:50:49,699 [WARN] PackLoader:240 - Cannot read IP mode file for STMicroelectronics.FP-SNS-MOTENVWB1.1.5.0
2026-10-05 18:50:49,705 [WARN] PackLoader:240 - Cannot read IP mode file for STMicroelectronics.X-CUBE-NFC10.1.0.0
2026-10-05 18:50:49,711 [WARN] PackLoader:240 - Cannot read IP mode file for STMicroelectronics.X-CUBE-ST60.1.1.0
2026-10-05 18:50:49,716 [WARN] PackLoader:240 - Cannot read IP mode file for emotas.I-CUBE-CANOPEN.1.3.0
2026-10-05 18:50:49,721 [WARN] PackLoader:240 - Cannot read IP mode file for STMicroelectronics.X-CUBE-WBA.1.1.0
2026-10-05 18:50:49,726 [WARN] PackLoader:240 - Cannot read IP mode file for wolfSSL.I-CUBE-wolfSSL.5.9.4
2026-10-05 18:50:49,730 [WARN] PackLoader:240 - Cannot read IP mode file for Cesanta.I-CUBE-Mongoose.7.23.1
2026-10-05 18:50:49,738 [WARN] PackLoader:240 - Cannot read IP mode file for STMicroelectronics.FP-SNS-STBOX1.2.1.0
2026-10-05 18:50:49,743 [WARN] PackLoader:240 - Cannot read IP mode file for STMicroelectronics.FP-SNS-SMARTAG2.1.2.0
2026-10-05 18:50:49,747 [WARN] PackLoader:240 - Cannot read IP mode file for STMicroelectronics.FP-SNS-FLIGHT1.5.1.0
2026-10-05 18:50:49,763 [WARN] PackLoader:240 - Cannot read IP mode file for STMicroelectronics.X-CUBE-AZRTOS-WL.2.0.0
2026-10-05 18:50:49,769 [WARN] PackLoader:240 - Cannot read IP mode file for STMicroelectronics.X-CUBE-BLE2.3.3.0
2026-10-05 18:50:49,809 [WARN] PackLoader:240 - Cannot read IP mode file for Infineon.AIROC-Wi-Fi-Bluetooth-STM32.1.8.0
2026-10-05 18:50:49,822 [WARN] PackLoader:240 - Cannot read IP mode file for STMicroelectronics.X-CUBE-NFC9.1.0.0
2026-10-05 18:50:49,839 [WARN] PackLoader:240 - Cannot read IP mode file for STMicroelectronics.X-CUBE-BLE1.7.1.0
2026-10-05 18:50:49,844 [WARN] PackLoader:240 - Cannot read IP mode file for wolfSSL.I-CUBE-wolfMQTT.1.19.2
2026-10-05 18:50:49,850 [WARN] PackLoader:240 - Cannot read IP mode file for STMicroelectronics.X-CUBE-EEPRMA1.5.2.0
2026-10-05 18:50:49,863 [WARN] PackLoader:240 - Cannot read IP mode file for STMicroelectronics.X-CUBE-AZRTOS-G0.1.1.0
2026-10-05 18:50:49,871 [WARN] PackLoader:240 - Cannot read IP mode file for STMicroelectronics.X-CUBE-NFC4.3.0.0
2026-10-05 18:50:49,878 [WARN] PackLoader:240 - Cannot read IP mode file for EmbeddedOffice.I-CUBE-FS-RTOS.1.0.1
2026-10-05 18:50:49,882 [WARN] PackLoader:240 - Cannot read IP mode file for wolfSSL.I-CUBE-wolfTPM.3.8.0
2026-10-05 18:50:49,887 [WARN] PackLoader:240 - Cannot read IP mode file for STMicroelectronics.X-CUBE-TCPP.4.2.0
2026-10-05 18:50:49,894 [WARN] PackLoader:240 - Cannot read IP mode file for RealThread.X-CUBE-RT-Thread_Nano.4.1.1
2026-10-05 18:50:49,897 [WARN] PackLoader:240 - Cannot read IP mode file for STMicroelectronics.FP-ATR-SIGFOX1.3.2.0
2026-10-05 18:50:49,902 [WARN] PackLoader:240 - Cannot read IP mode file for ITTIA_DB.I-CUBE-ITTIADB.8.9.0
2026-10-05 18:50:49,909 [WARN] PackLoader:240 - Cannot read IP mode file for STMicroelectronics.X-CUBE-NFC6.3.2.0
2026-10-05 18:50:49,916 [WARN] PackLoader:240 - Cannot read IP mode file for STMicroelectronics.X-CUBE-AI.10.2.1
2026-10-05 18:50:49,937 [WARN] PackLoader:240 - Cannot read IP mode file for SEGGER.I-CUBE-embOS.1.3.1
2026-10-05 18:50:49,961 [WARN] PackLoader:240 - Cannot read IP mode file for STMicroelectronics.FP-SNS-STAIOTCFT.2.0.0
2026-10-05 18:50:49,966 [WARN] PackLoader:240 - Cannot read IP mode file for STMicroelectronics.X-CUBE-NFC13.1.0.0
2026-10-05 18:50:49,969 [WARN] PackLoader:240 - Cannot read IP mode file for STMicroelectronics.X-CUBE-PM33A1.1.0.0
2026-10-05 18:50:49,980 [WARN] PackLoader:240 - Cannot read IP mode file for STMicroelectronics.X-CUBE-AZRTOS-F4.1.1.0
2026-10-05 18:50:49,986 [WARN] PackLoader:240 - Cannot read IP mode file for STMicroelectronics.X-CUBE-ISPU.2.1.0
2026-10-05 18:50:49,994 [WARN] PackLoader:240 - Cannot read IP mode file for STMicroelectronics.X-CUBE-IPS.3.2.0
2026-10-05 18:50:50,004 [WARN] PackLoader:240 - Cannot read IP mode file for STMicroelectronics.eDS-WB_DPC_TT-BIDIR.2.1.1
2026-10-05 18:50:50,008 [WARN] PackLoader:240 - Cannot read IP mode file for STMicroelectronics.X-CUBE-NFC12.1.0.0
2026-10-05 18:50:50,013 [INFO] ComparatorMD5DB:195 - calculate Md5 of cube-finder-db is: b4523348182b5def03108df842ca7524
2026-10-05 18:50:50,013 [INFO] MenuBar:659 - event EventGuiNewCubeFinderDb, new= SHOW
2026-10-05 18:50:50,023 [WARN] PackLoader:240 - Cannot read IP mode file for STMicroelectronics.X-CUBE-AZRTOS-L5.2.0.0
2026-10-05 18:50:50,041 [WARN] PackLoader:240 - Cannot read IP mode file for STMicroelectronics.X-CUBE-ALGOBUILD.1.5.0
2026-10-05 18:50:50,044 [WARN] PackLoader:240 - Cannot read IP mode file for STMicroelectronics.eDS-WB_DPC_VIENNA.1.2.0
2026-10-05 18:50:50,065 [WARN] PackLoader:240 - Cannot read IP mode file for STMicroelectronics.X-CUBE-MEMS1.13.0.0
2026-10-05 18:50:50,126 [WARN] PackLoader:240 - Cannot read IP mode file for STMicroelectronics.eDS-WB_DPC_3PH2L-BIDIR.1.1.1
2026-10-05 18:50:50,135 [WARN] PackLoader:240 - Cannot read IP mode file for STMicroelectronics.X-CUBE-ST67W61.1.3.0
2026-10-05 18:50:50,143 [WARN] PackLoader:240 - Cannot read IP mode file for STMicroelectronics.X-CUBE-TOUCHGFX.4.26.1
2026-10-05 18:50:50,148 [WARN] PackLoader:240 - Cannot read IP mode file for STMicroelectronics.X-CUBE-DPower.1.3.0
2026-10-05 18:50:50,158 [WARN] ConditionMgr:438 - getConditionDescription Invalid condition id : LAN8742 Phy interface Condition cause : null
2026-10-05 18:50:50,158 [WARN] PackLoader:240 - Cannot read IP mode file for STMicroelectronics.X-CUBE-AZRTOS-L4.2.0.0
2026-10-05 18:50:50,159 [WARN] ConditionMgr:1044 - genDependencies : Invalid condition id : LAN8742 Phy interface Condition cause : null
2026-10-05 18:50:50,159 [WARN] ConditionMgr:1044 - genDependencies : Invalid condition id : LAN8742 Phy interface Condition cause : null
2026-10-05 18:50:50,160 [WARN] ConditionMgr:1044 - genDependencies : Invalid condition id : LAN8742 Phy interface Condition cause : null
2026-10-05 18:50:50,167 [WARN] PackLoader:240 - Cannot read IP mode file for STMicroelectronics.X-CUBE-SFXS2LP1.4.0.0
2026-10-05 18:50:50,172 [WARN] PackLoader:240 - Cannot read IP mode file for STMicroelectronics.X-CUBE-WB05N.2.1.0
2026-10-05 18:50:50,180 [WARN] ConditionMgr:438 - getConditionDescription Invalid condition id : UX DEVICE CLASS RTOS Condition cause : null
2026-10-05 18:50:50,181 [WARN] ConditionMgr:438 - getConditionDescription Invalid condition id : UX DEVICE CLASS RTOS Condition cause : null
2026-10-05 18:50:50,182 [WARN] PackLoader:240 - Cannot read IP mode file for STMicroelectronics.X-CUBE-AZRTOS-WB.2.0.0
2026-10-05 18:50:50,183 [WARN] ConditionMgr:1044 - genDependencies : Invalid condition id : UX DEVICE CLASS RTOS Condition cause : null
2026-10-05 18:50:50,183 [WARN] ConditionMgr:1044 - genDependencies : Invalid condition id : UX DEVICE CLASS RTOS Condition cause : null
2026-10-05 18:50:50,183 [WARN] ConditionMgr:1044 - genDependencies : Invalid condition id : UX DEVICE CLASS RTOS Condition cause : null
2026-10-05 18:50:50,184 [WARN] ConditionMgr:1044 - genDependencies : Invalid condition id : UX DEVICE CLASS RTOS Condition cause : null
2026-10-05 18:50:50,184 [WARN] ConditionMgr:1044 - genDependencies : Invalid condition id : UX DEVICE CLASS RTOS Condition cause : null
2026-10-05 18:50:50,189 [WARN] ConditionMgr:438 - getConditionDescription Invalid condition id : Cortex-A Device cause : null
2026-10-05 18:50:50,195 [INFO] MainFrame:215 - [MX] HOME_PANEL == 444013466837900
2026-10-05 18:50:50,197 [WARN] ConditionMgr:1044 - genDependencies : Invalid condition id : Cortex-A Device cause : null
2026-10-05 18:50:50,197 [WARN] ConditionMgr:1044 - genDependencies : Invalid condition id : Cortex-A Device cause : null
2026-10-05 18:50:50,197 [WARN] ConditionMgr:1044 - genDependencies : Invalid condition id : Cortex-A Device cause : null
2026-10-05 18:50:50,203 [INFO] MainFrame:590 - Register for checkConnection events
2026-10-05 18:50:50,203 [WARN] PackLoader:240 - Cannot read IP mode file for STMicroelectronics.X-CUBE-STSE01.2.0.0
2026-10-05 18:50:50,205 [INFO] FastPollingNetworkMonitor:182 - Apply proxy settings
2026-10-05 18:50:50,205 [INFO] FastPollingNetworkMonitor:201 - Direct internet connection detected
config load C:/Users/Li/Desktop/Engineering/drone_comm/build/cubemx_probe/ground_f103/ground_f103.ioc
2026-10-05 18:50:50,209 [WARN] PackLoader:240 - Cannot read IP mode file for STMicroelectronics.X-CUBE-SUBG2.5.0.0
2026-10-05 18:50:50,223 [INFO] FastPollingNetworkMonitor:158 - Register for checkConnection events
2026-10-05 18:50:50,226 [WARN] PackLoader:240 - Cannot read IP mode file for STMicroelectronics.X-CUBE-AZRTOS-G4.2.0.0
2026-10-05 18:50:50,234 [WARN] PackLoader:240 - Cannot read IP mode file for wolfSSL.I-CUBE-wolfSSH.1.4.20
2026-10-05 18:50:50,236 [INFO] MicroXplorer:468 - Change Database Path : 
2026-10-05 18:50:50,237 [INFO] MicroXplorer:498 - Change Database Version : DB.6.0.181
2026-10-05 18:50:50,238 [WARN] PackLoader:240 - Cannot read IP mode file for STMicroelectronics.X-CUBE-NFC7.2.0.0
2026-10-05 18:50:50,247 [WARN] PackLoader:240 - Cannot read IP mode file for STMicroelectronics.X-CUBE-BLEMGR.4.2.0
2026-10-05 18:50:50,251 [WARN] PackLoader:240 - Cannot read IP mode file for STMicroelectronics.X-CUBE-ALS.1.0.2
2026-10-05 18:50:50,256 [WARN] PackLoader:240 - Cannot read IP mode file for STMicroelectronics.X-CUBE-TOF1.3.4.3
2026-10-05 18:50:50,261 [INFO] ThirdParty:981 - Integrity check success = true
2026-10-05 18:50:50,261 [INFO] IntegrityCheckThread:100 - exiting critical section [integrity check]
2026-10-05 18:50:50,261 [INFO] IntegrityCheckThread:103 - End integrity checks thread
2026-10-05 18:50:50,268 [WARN] ThirdParty:874 - waiting for thirdparty lock release [close project]
2026-10-05 18:50:50,268 [INFO] ThirdParty:876 - entering critical section [close project]
2026-10-05 18:50:50,271 [INFO] ThirdParty:886 - exiting critical section [close project]
2026-10-05 18:50:50,279 [INFO] PinOutPanel:1500 - setPackage(No Configuration,No Configuration)
2026-10-05 18:50:50,305 [INFO] UtilMem:75 - Begin LoadConfig() Used Memory: 128684264 Bytes (182452224)
2026-10-05 18:50:50,308 [INFO] MicroXplorer:468 - Change Database Path : 
2026-10-05 18:50:50,309 [INFO] MicroXplorer:498 - Change Database Version : DB.6.0.181
2026-10-05 18:50:50,309 [INFO] OpenFileManager:370 - Change cursor
2026-10-05 18:50:50,359 [INFO] Mcu:2036 - Initializing MCU STM32F103C(8-B)Tx STM32F103C8Tx STM32F103C8T6
2026-10-05 18:50:51,275 [INFO] Context:734 - Trying to add GPIOservice into a context  which must be forbidden
2026-10-05 18:50:51,460 [INFO] ImportTextPane:234 - (OptionalMessage_ERROR) Pin13 (VP_RIF_VS_RIF1) cannot be retrieved for this MCU
2026-10-05 18:50:51,564 [INFO] RtosManager:552 - Registered RTOS mode: class=CMSIS, group=RTOS, mode=CMSIS_V1, owner=FREERTOS
2026-10-05 18:50:51,564 [INFO] RtosManager:552 - Registered RTOS mode: class=CMSIS, group=RTOS2, mode=CMSIS_V2, owner=FREERTOS
2026-10-05 18:50:51,564 [INFO] RtosManager:552 - Registered RTOS mode: class=RTOS, group=Core, mode=CMSIS_V1, owner=FREERTOS
2026-10-05 18:50:51,564 [INFO] RtosManager:552 - Registered RTOS mode: class=RTOS, group=Core, mode=CMSIS_V2, owner=FREERTOS
2026-10-05 18:50:51,565 [WARN] ModelIntegratedComponent:184 - Missing modes for component STMicroelectronics:FreeRTOS:0.0.1:STMicroelectronics:RTOS:FreeRTOS:Core:::10.2.0:
2026-10-05 18:50:51,627 [WARN] ModelIntegratedComponent:63 - No mode defined for component null
2026-10-05 18:50:51,627 [WARN] ModelIntegratedComponent:63 - No mode defined for component null
2026-10-05 18:50:51,627 [WARN] ModelIntegratedComponent:63 - No mode defined for component null
2026-10-05 18:50:51,627 [WARN] ModelIntegratedComponent:63 - No mode defined for component null
2026-10-05 18:50:51,627 [WARN] ModelIntegratedComponent:63 - No mode defined for component null
2026-10-05 18:50:51,627 [WARN] ModelIntegratedComponent:63 - No mode defined for component null
2026-10-05 18:50:51,627 [WARN] ModelIntegratedComponent:63 - No mode defined for component null
2026-10-05 18:50:51,627 [WARN] ModelIntegratedComponent:63 - No mode defined for component null
2026-10-05 18:50:51,627 [WARN] ModelIntegratedComponent:63 - No mode defined for component null
2026-10-05 18:50:51,627 [WARN] ModelIntegratedComponent:63 - No mode defined for component null
2026-10-05 18:50:51,628 [WARN] ModelIntegratedComponent:63 - No mode defined for component null
2026-10-05 18:50:51,628 [WARN] ModelIntegratedComponent:63 - No mode defined for component null
2026-10-05 18:50:51,628 [WARN] ModelIntegratedComponent:63 - No mode defined for component null
2026-10-05 18:50:51,628 [WARN] ModelIntegratedComponent:63 - No mode defined for component null
2026-10-05 18:50:51,628 [WARN] ModelIntegratedComponent:63 - No mode defined for component null
2026-10-05 18:50:51,628 [WARN] ModelIntegratedComponent:63 - No mode defined for component null
2026-10-05 18:50:51,628 [WARN] ModelIntegratedComponent:63 - No mode defined for component null
2026-10-05 18:50:51,628 [WARN] ModelIntegratedComponent:63 - No mode defined for component null
2026-10-05 18:50:51,628 [WARN] ModelIntegratedComponent:63 - No mode defined for component null
2026-10-05 18:50:51,628 [WARN] ModelIntegratedComponent:63 - No mode defined for component null
2026-10-05 18:50:51,628 [WARN] ModelIntegratedComponent:63 - No mode defined for component null
2026-10-05 18:50:51,628 [WARN] ModelIntegratedComponent:63 - No mode defined for component null
2026-10-05 18:50:51,628 [WARN] ModelIntegratedComponent:63 - No mode defined for component null
2026-10-05 18:50:51,628 [WARN] ModelIntegratedComponent:63 - No mode defined for component null
2026-10-05 18:50:51,628 [WARN] ModelIntegratedComponent:63 - No mode defined for component null
2026-10-05 18:50:51,628 [WARN] ModelIntegratedComponent:63 - No mode defined for component null
2026-10-05 18:50:51,628 [WARN] ModelIntegratedComponent:63 - No mode defined for component null
2026-10-05 18:50:51,628 [WARN] ModelIntegratedComponent:63 - No mode defined for component null
2026-10-05 18:50:51,628 [WARN] ModelIntegratedComponent:63 - No mode defined for component null
2026-10-05 18:50:51,628 [WARN] ModelIntegratedComponent:63 - No mode defined for component null
2026-10-05 18:50:51,628 [WARN] ModelIntegratedComponent:63 - No mode defined for component null
2026-10-05 18:50:51,628 [WARN] ModelIntegratedComponent:63 - No mode defined for component null
2026-10-05 18:50:51,628 [WARN] ModelIntegratedComponent:63 - No mode defined for component null
2026-10-05 18:50:51,628 [WARN] ModelIntegratedComponent:63 - No mode defined for component null
2026-10-05 18:50:51,629 [WARN] ModelIntegratedComponent:63 - No mode defined for component null
2026-10-05 18:50:51,629 [WARN] ModelPack:524 - Component already loaded: STMicroelectronics:HAL Drivers:0.0.0:STMicroelectronics:Device:STMicro_Driver:XSPI:HAL::0.0.1:HAL_XSPI
2026-10-05 18:50:51,647 [INFO] ThirdPartyModel:298 - Start build external matchings
2026-10-05 18:50:51,867 [INFO] ThirdPartyModel:316 - End build external matchings
2026-10-05 18:50:51,887 [INFO] ImportTextPane:234 - (OptionalMessage_ERROR) IP (DMA) : Parameter (Instance) has Id (USART2_RX) currently not set
2026-10-05 18:50:51,888 [INFO] ImportTextPane:234 - (OptionalMessage_ERROR) IP (DMA) : Parameter (Direction) has Id (USART2_RX) currently not set
2026-10-05 18:50:51,888 [INFO] ImportTextPane:234 - (OptionalMessage_ERROR) IP (DMA) : Parameter (PeriphInc) has Id (USART2_RX) currently not set
2026-10-05 18:50:51,888 [INFO] ImportTextPane:234 - (OptionalMessage_ERROR) IP (DMA) : Parameter (MemInc) has Id (USART2_RX) currently not set
2026-10-05 18:50:51,888 [INFO] ImportTextPane:234 - (OptionalMessage_ERROR) IP (DMA) : Parameter (PeriphDataAlignment) has Id (USART2_RX) currently not set
2026-10-05 18:50:51,888 [INFO] ImportTextPane:234 - (OptionalMessage_ERROR) IP (DMA) : Parameter (MemDataAlignment) has Id (USART2_RX) currently not set
2026-10-05 18:50:51,888 [INFO] ImportTextPane:234 - (OptionalMessage_ERROR) IP (DMA) : Parameter (Mode) has Id (USART2_RX) currently not set
2026-10-05 18:50:51,888 [INFO] ImportTextPane:234 - (OptionalMessage_ERROR) IP (DMA) : Parameter (Priority) has Id (USART2_RX) currently not set
2026-10-05 18:50:51,890 [INFO] ImportTextPane:234 - (OptionalMessage_ERROR) IP (RCC) : Invalid parameter (CortexFreq_Value)
2026-10-05 18:50:51,890 [INFO] ImportTextPane:234 - (OptionalMessage_ERROR) IP (RCC) : Invalid parameter (FamilyName)
2026-10-05 18:50:51,891 [INFO] ImportTextPane:234 - (OptionalMessage_ERROR) IP (RCC) : Parameter (USBFreq_Value) has invalid value (36000000)
2026-10-05 18:50:52,103 [INFO] ApiDb:581 - Connected to CubeFinder SQLite database (C:\Users\Li\.stmcufinder\plugins\mcufinder\mcu\cube-finder-db.db)
2026-10-05 18:50:52,219 [INFO] ApiDb:668 - CubeFinder database Data Model version=2.1
2026-10-05 18:50:52,219 [INFO] ApiDb:669 - CubeFinder database Configuration version=3.0.42
2026-10-05 18:50:52,219 [INFO] ApiDb:670 - CubeFinder database generation date=2026-06-23 (1782213372)
2026-10-05 18:50:52,219 [INFO] ApiDb:671 - CubeFinder database FW Pack versions=[FP-ATR-ASTRA1_V2.0.0, FP-SNS-FLIGHT1_V5.1.0, FP-SNS-MOTENV1_V5.1.0, FP-SNS-MOTENVWB1_V1.5.0, FP-SNS-SMARTAG2_V1.2.0, FP-SNS-STBOX1_V2.1.0, STM32Cube_FW_C0_V1.4.0, STM32Cube_FW_F4_V1.28.3, STM32Cube_FW_F7_V1.17.4, STM32Cube_FW_G0_V1.6.3, STM32Cube_FW_G4_V1.6.2, STM32Cube_FW_H5_V1.7.0, STM32Cube_FW_H7RS_V1.3.0, STM32Cube_FW_H7_V1.13.0, STM32Cube_FW_L0_V1.12.2, STM32Cube_FW_L4_V1.18.2, STM32Cube_FW_L5_V1.6.0, STM32Cube_FW_N6_V1.4.0, STM32Cube_FW_U0_V1.3.0, STM32Cube_FW_U3_V1.4.0, STM32Cube_FW_U5_V1.9.0, STM32Cube_FW_WB0_V1.5.0, STM32Cube_FW_WBA_V1.10.0, STM32Cube_FW_WB_V1.24.0, STM32Cube_FW_WL3_V1.5.0, STM32Cube_FW_WL_V1.6.0, X-CUBE-ALGOBUILD_V1.5.0, X-CUBE-ALS_V1.0.2, X-CUBE-AZRTOS-F4_V1.1.0, X-CUBE-AZRTOS-F7_V1.1.0, X-CUBE-AZRTOS-G0_V1.1.0, X-CUBE-AZRTOS-G4_V2.0.0, X-CUBE-AZRTOS-H7RS_V1.1.0, X-CUBE-AZRTOS-H7_V3.5.0, X-CUBE-AZRTOS-L4_V2.0.0, X-CUBE-AZRTOS-L5_V2.0.0, X-CUBE-AZRTOS-WB_V2.0.0, X-CUBE-AZRTOS-WL_V2.0.0, X-CUBE-BLE1_V7.1.0, X-CUBE-BLE2_V3.3.0, X-CUBE-BLEMGR_V4.1.0, X-CUBE-EEPRMA1_V5.2.0, X-CUBE-FREERTOS_V1.5.0, X-CUBE-GNSS1_V7.1.1, X-CUBE-MEMS1_V12.1.0, X-CUBE-NFC4_V3.0.0, X-CUBE-NFC7_V2.0.0, X-CUBE-SFXS2LP1_V4.0.0, X-CUBE-ST67W61_V1.3.0, X-CUBE-SUBG2_V5.0.0, X-CUBE-TOF1_V3.4.3]
2026-10-05 18:50:52,283 [INFO] DbBoardsSqlite:226 - include board P-NUCLEO-WB55-NUCLEO as a kit item of type 'Nucleo-64'
2026-10-05 18:50:52,284 [INFO] DbBoardsSqlite:226 - include board P-NUCLEO-WB55-USBDONGLE as a kit item of type 'Nucleo USB Dongle'
2026-10-05 18:50:52,284 [INFO] DbBoardsSqlite:226 - include board STEVAL-IDP005V1 as a kit item of type 'Evaluation Board'
2026-10-05 18:50:52,284 [INFO] DbBoardsSqlite:226 - include board STEVAL-IDP005V2 as a kit item of type 'Evaluation Board'
2026-10-05 18:50:52,379 [INFO] ApiDb:240 - Found 1237 in-development CPN: [B-G473E-ZEST1S, B-WB1M-WPAN1, B-WBA5M-WPAN, B-WBA6M-WPAN, B-WL5M-SUBG1, NUCLEO-C031C6, NUCLEO-C051C8, NUCLEO-C071RB, NUCLEO-C092RC, NUCLEO-H503RB, NUCLEO-H533RE, NUCLEO-H553ZG, NUCLEO-H563ZI, NUCLEO-H5E5ZJ, NUCLEO-H7S3L8, NUCLEO-U031R8, NUCLEO-U083RC, NUCLEO-U345RC-Q, NUCLEO-U366RE-Q, NUCLEO-U385RG-Q, NUCLEO-U3C5ZI-Q, NUCLEO-U545RE-Q, NUCLEO-U5A5ZJ-Q, NUCLEO-WB05KZ, NUCLEO-WB07CC, NUCLEO-WB09KE, NUCLEO-WBA25CE1, NUCLEO-WBA52CG, NUCLEO-WBA55CG, NUCLEO-WL3RKB1, NUCLEO-WL3RKB2, NUCLEO-WL43RE1, NUCLEO-WL43RE2, STEVAL-PROTEUS1, STEVAL-SMARTAG2, STEVAL-STWINBX1, STM320518-EVAL, STM32C0116-DK, STM32C011D6Y3TR, STM32C011D6Y6TR, STM32C011F4P3, STM32C011F4P6, STM32C011F4U3, STM32C011F4U6TR, STM32C011F6P3, STM32C011F6P6, STM32C011F6U3, STM32C011F6U6TR, STM32C011J4M3, STM32C011J4M6, STM32C011J6M3, STM32C011J6M6, STM32C0316-DK, STM32C031C4T3, STM32C031C4T6, STM32C031C4U3, STM32C031C4U6, STM32C031C6T3, STM32C031C6T6, STM32C031C6U3, STM32C031C6U6, STM32C031F4P3, STM32C031F4P6, STM32C031F6P3, STM32C031F6P6, STM32C031G4U3, STM32C031G4U6, STM32C031G6U3, STM32C031G6U6, STM32C031K4T3, STM32C031K4T6, STM32C031K4U3, STM32C031K4U6, STM32C031K6T3, STM32C031K6T6, STM32C031K6U3, STM32C031K6U6, STM32C051C6T6, STM32C051C6U6, STM32C051C8T6, STM32C051C8U6, STM32C051D8Y6TR, STM32C051F6P6, STM32C051F8P6, STM32C051G6U6, STM32C051G8U6, STM32C051K6T6, STM32C051K6U6, STM32C051K8T6, STM32C071C8T6, STM32C071C8T6N, STM32C071C8U6, STM32C071C8U6N, STM32C071CBT6, STM32C071CBT6N, STM32C071CBU6, STM32C071CBU6N, STM32C071F8P6, STM32C071F8P6N, STM32C071FBP6, STM32C071FBP6N, STM32C071FBY6TR, STM32C071G8U6, STM32C071G8U6N, STM32C071GBU6, STM32C071GBU6N, STM32C071K8T6, STM32C071K8T6N, STM32C071K8U6, STM32C071K8U6N, STM32C071KBT6, STM32C071KBT6N, STM32C071KBU6, STM32C071KBU6N, STM32C071R8T6, STM32C071R8T6N, STM32C071RBI6N, STM32C071RBT6, STM32C071RBT6N, STM32C091CBT6, STM32C091CBU6, STM32C091CCT6, STM32C091CCU6, STM32C091ECY6TR, STM32C091FBP6, STM32C091FCP6, STM32C091GBU6, STM32C091GCU6, STM32C091KBT6, STM32C091KBU6, STM32C091KCT6, STM32C091KCU6, STM32C091RBT6, STM32C091RCI6, STM32C091RCT6, STM32C092CBT6, STM32C092CBU6, STM32C092CCT6, STM32C092CCU6, STM32C092ECY6TR, STM32C092FBP6, STM32C092FCP6, STM32C092GBU6, STM32C092GCU6, STM32C092KBT6, STM32C092KBU6, STM32C092KCT6, STM32C092KCU6, STM32C092RBT6, STM32C092RCI6, STM32C092RCT6, STM32C531CBT6, STM32C531CBU6, STM32C531CCT6, STM32C531CCU6, STM32C531EBU6, STM32C531ECU6, STM32C531FBP6, STM32C531FBU6, STM32C531FCP6, STM32C531FCU6, STM32C531GBU6, STM32C531GCU6, STM32C531KBT6, STM32C531KBU6, STM32C531KCT6, STM32C531KCU6, STM32C531RBT6, STM32C531RCT6, STM32C532CBT6, STM32C532CBU6, STM32C532CCT6, STM32C532CCU6, STM32C532EBU6, STM32C532ECU6, STM32C532FBP6, STM32C532FBU6, STM32C532FCP6, STM32C532FCU6, STM32C532GBU6, STM32C532GCU6, STM32C532KBT6, STM32C532KBU6, STM32C532KCT6, STM32C532KCU6, STM32C532RBT6, STM32C532RCT6, STM32C542CCT6, STM32C542CCU6, STM32C542ECU6, STM32C542FCP6, STM32C542FCU6, STM32C542GCU6, STM32C542KCT6, STM32C542KCU6, STM32C542RCT6, STM32C591CET6, STM32C591CEU6, STM32C591CGT6, STM32C591CGU6, STM32C591KET6, STM32C591KEU6, STM32C591KGT6, STM32C591KGU6, STM32C591MET6, STM32C591MGT6, STM32C591RET6, STM32C591RGT6, STM32C591VET6, STM32C591VGT6, STM32C591ZET6, STM32C591ZGT6, STM32C593CET6, STM32C593CEU6, STM32C593CGT6, STM32C593CGU6, STM32C593KET6, STM32C593KEU6, STM32C593KGT6, STM32C593KGU6, STM32C593MET6, STM32C593MGT6, STM32C593RET6, STM32C593RGT6, STM32C593VET6, STM32C593VGT6, STM32C593ZET6, STM32C593ZGT6, STM32C5A3CGT6, STM32C5A3CGU6, STM32C5A3KGT6, STM32C5A3KGU6, STM32C5A3MGT6, STM32C5A3RGT6, STM32C5A3VGT6, STM32C5A3ZGT6, STM32F723RCV6, STM32F723REV6, STM32G071K8TXN, STM32G071K8UXN, STM32G081GBU6N, STM32G081KBT6N, STM32G081KBUXN, STM32G0B1CCT6N, STM32G0B1KCT6, STM32G0B1NEY6TR, STM32G0B1RCT6N, STM32G0C1CCT6, STM32G0C1CCT6N, STM32G0C1CCU6N, STM32G0C1CET6N, STM32G0C1CEU6N, STM32G0C1KCT6, STM32G0C1NEY6TR, STM32G0C1RCI6N, STM32G0C1RCT6N, STM32G0C1REI6N, STM32G0C1RET6N, STM32G0C1VCI6, STM32G0C1VEI6, STM32G411C6T3, STM32G411C6T6, STM32G411C6U3, STM32G411C6U6, STM32G411C8T3, STM32G411C8T6, STM32G411C8U3, STM32G411C8U6, STM32G411CBT3, STM32G411CBT6, STM32G411CBU3, STM32G411CBU6, STM32G411CCT3, STM32G411CCT6, STM32G411CCU3, STM32G411CCU6, STM32G411K6T3, STM32G411K6T6, STM32G411K6U3, STM32G411K6U6, STM32G411K8T3, STM32G411K8T6, STM32G411K8U3, STM32G411K8U6, STM32G411KBT3, STM32G411KBT6, STM32G411KBU3, STM32G411KBU6, STM32G411M6T3, STM32G411M6T6, STM32G411M8T3, STM32G411M8T6, STM32G411MBT3, STM32G411MBT6, STM32G411MCT3, STM32G411MCT6, STM32G411R6T3, STM32G411R6T6, STM32G411R8T3, STM32G411R8T6, STM32G411RBT3, STM32G411RBT6, STM32G411RCT3, STM32G411RCT6, STM32G414CBT3, STM32G414CBT6, STM32G414CBU3, STM32G414CBU6, STM32G414CCT3, STM32G414CCT6, STM32G414CCU3, STM32G414CCU6, STM32G414MBT3, STM32G414MBT6, STM32G414MCT3, STM32G414MCT6, STM32G414RBT3, STM32G414RBT6, STM32G414RCT3, STM32G414RCT6, STM32G414VBT3, STM32G414VBT6, STM32G414VCT3, STM32G414VCT6, STM32G431CBT3Z, STM32G431RBT3Z, STM32G471CCT6, STM32G471CCU6, STM32G471CET3, STM32G471CET6, STM32G471CEU3, STM32G471CEU6, STM32G471MCT6, STM32G471MET3, STM32G471MET6, STM32G471MEY6TR, STM32G471QCT6, STM32G471QET3, STM32G471RCT6, STM32G471RET3, STM32G471RET6, STM32G471VCH6, STM32G471VCI6, STM32G471VCT6, STM32G471VEH3, STM32G471VEH6, STM32G471VEI3, STM32G471VEI6, STM32G471VET3, STM32G471VET6, STM32G473QET3Z, STM32G473RET3Z, STM32G474CCT6, STM32G491CET3Z, STM32G491RET3Z, STM32H503CBT6, STM32H503CBU6, STM32H503EBY6TR, STM32H503KBU6, STM32H503RBT6, STM32H523CCT6, STM32H523CCU6, STM32H523CET6, STM32H523CEU6, STM32H523HEY6TR, STM32H523RCT6, STM32H523RET6, STM32H523VCI6, STM32H523VCT6, STM32H523VEI6, STM32H523VET6, STM32H523ZCJ6, STM32H523ZCT6, STM32H523ZEJ6, STM32H523ZET6, STM32H533CET6, STM32H533CEU6, STM32H533HEY6TR, STM32H533RET6, STM32H533VEI6, STM32H533VET6, STM32H533ZEJ6, STM32H533ZET6, STM32H543CET6, STM32H543CEU6, STM32H543CGT6, STM32H543CGU6, STM32H543RET6, STM32H543RGT6, STM32H543UGY6TR, STM32H543VEI6, STM32H543VET6, STM32H543VEZ3, STM32H543VGI6, STM32H543VGT6, STM32H543VGZ3, STM32H543ZEJ6, STM32H543ZET6, STM32H543ZEZ3, STM32H543ZGJ6, STM32H543ZGT6, STM32H543ZGZ3, STM32H553CGT6, STM32H553CGU6, STM32H553RGT6, STM32H553UGY6TR, STM32H553VGI6, STM32H553VGT6, STM32H553VGZ3, STM32H553ZGJ6, STM32H553ZGT6, STM32H553ZGZ3, STM32H562AGI6, STM32H562AII6, STM32H562IGK6, STM32H562IGT6, STM32H562IIK6, STM32H562IIT6, STM32H562RGT6, STM32H562RGV6, STM32H562RIT6, STM32H562RIV6, STM32H562VGT6, STM32H562VIT6, STM32H562ZGT6, STM32H562ZIT6, STM32H563AGI6, STM32H563AII3Q, STM32H563AII6, STM32H563IGK6, STM32H563IGT6, STM32H563IIK3Q, STM32H563IIK6, STM32H563IIT3Q, STM32H563IIT6, STM32H563MIY3QTR, STM32H563RGT6, STM32H563RGV6, STM32H563RIT6, STM32H563RIV6, STM32H563VGT6, STM32H563VIT3Q, STM32H563VIT6, STM32H563ZGT6, STM32H563ZIT3Q, STM32H563ZIT6, STM32H573AII3Q, STM32H573AII6, STM32H573I-DK, STM32H573IIK3Q, STM32H573IIK6, STM32H573IIT3Q, STM32H573IIT6, STM32H573MIY3QTR, STM32H573RIT6, STM32H573RIV6, STM32H573VIT3Q, STM32H573VIT6, STM32H573ZIT3Q, STM32H573ZIT6, STM32H5E4AJI6, STM32H5E4AJI7Q, STM32H5E4AKI6, STM32H5E4IJK6, STM32H5E4IJK7Q, STM32H5E4IJT6, STM32H5E4IJT7Q, STM32H5E4IKK6, STM32H5E4IKT6, STM32H5E4VJT6, STM32H5E4VJT7Q, STM32H5E4VKT6, STM32H5E4ZJJ6, STM32H5E4ZJJ7Q, STM32H5E4ZJT6, STM32H5E4ZJT7Q, STM32H5E4ZKJ6, STM32H5E4ZKT6, STM32H5E5IJK7Q, STM32H5E5IJT7Q, STM32H5E5IKK7Q, STM32H5E5IKT7Q, STM32H5E5LJH7Q, STM32H5E5LKH7Q, STM32H5E5VJY7QTR, STM32H5E5VKY7QTR, STM32H5E5ZJT6, STM32H5E5ZKT6, STM32H5F4AJI6, STM32H5F4AJI7Q, STM32H5F4IJK6, STM32H5F4IJK7Q, STM32H5F4IJT6, STM32H5F4IJT7Q, STM32H5F4VJT6, STM32H5F4VJT7Q, STM32H5F4ZJJ6, STM32H5F4ZJJ7Q, STM32H5F4ZJT6, STM32H5F4ZJT7Q, STM32H5F5IJK7Q, STM32H5F5IJT7Q, STM32H5F5J-DK, STM32H5F5LJH7Q, STM32H5F5VJY7QTR, STM32H5F5ZJT6, STM32H7R3A8I6, STM32H7R3I8K6, STM32H7R3I8T6, STM32H7R3L8H6, STM32H7R3L8H6H, STM32H7R3R8V6, STM32H7R3V8H6, STM32H7R3V8T6, STM32H7R3V8Y6TR, STM32H7R3Z8J6, STM32H7R3Z8T6, STM32H7R7A8I6, STM32H7R7I8K6, STM32H7R7I8T6, STM32H7R7L8H6, STM32H7R7L8H6H, STM32H7R7Z8J6, STM32H7S3A8I6, STM32H7S3I8K6, STM32H7S3I8T6, STM32H7S3L8H6, STM32H7S3L8H6H, STM32H7S3R8V6, STM32H7S3V8H6, STM32H7S3V8T6, STM32H7S3V8Y6TR, STM32H7S3Z8J6, STM32H7S3Z8T6, STM32H7S78-DK, STM32H7S7A8I6, STM32H7S7I8K6, STM32H7S7I8T6, STM32H7S7L8H6, STM32H7S7L8H6H, STM32H7S7Z8J6, STM32L4R5QGI6STR, STM32MP131AAE3, STM32MP131AAF3, STM32MP131AAG3, STM32MP131CAE3, STM32MP131CAF3, STM32MP131CAG3, STM32MP131DAE7, STM32MP131DAF7, STM32MP131DAG7, STM32MP131FAE7, STM32MP131FAF7, STM32MP131FAG7, STM32MP133AAE3, STM32MP133AAF3, STM32MP133AAG3, STM32MP133CAE3, STM32MP133CAF3, STM32MP133CAG3, STM32MP133DAE7, STM32MP133DAF7, STM32MP133DAG7, STM32MP133FAE7, STM32MP133FAF7, STM32MP133FAG7, STM32MP135AAE3, STM32MP135AAF3, STM32MP135AAG3, STM32MP135CAE3, STM32MP135CAF3, STM32MP135CAG3, STM32MP135DAE7, STM32MP135DAF7, STM32MP135DAG7, STM32MP135F-DK, STM32MP135FAE7, STM32MP135FAF7, STM32MP135FAF7T, STM32MP135FAF7U, STM32MP135FAG7, STM32MP211AAL3, STM32MP211AAM3, STM32MP211AAN3, STM32MP211AAO3, STM32MP211CAL3, STM32MP211CAM3, STM32MP211CAN3, STM32MP211CAO3, STM32MP211DAL3, STM32MP211DAM3, STM32MP211DAN3, STM32MP211DAO3, STM32MP211FAL3, STM32MP211FAM3, STM32MP211FAN3, STM32MP211FAO3, STM32MP213AAL3, STM32MP213AAM3, STM32MP213AAN3, STM32MP213AAO3, STM32MP213CAL3, STM32MP213CAM3, STM32MP213CAN3, STM32MP213CAO3, STM32MP213DAL3, STM32MP213DAM3, STM32MP213DAN3, STM32MP213DAO3, STM32MP213FAL3, STM32MP213FAM3, STM32MP213FAN3, STM32MP213FAO3, STM32MP215AAL3, STM32MP215AAM3, STM32MP215AAN3, STM32MP215AAO3, STM32MP215CAL3, STM32MP215CAM3, STM32MP215CAN3, STM32MP215CAO3, STM32MP215DAL3, STM32MP215DAM3, STM32MP215DAN3, STM32MP215DAO3, STM32MP215F-DK, STM32MP215FAL3, STM32MP215FAM3, STM32MP215FAN3, STM32MP215FAO3, STM32MP251AAI3, STM32MP251AAJ3, STM32MP251AAK3, STM32MP251AAL3, STM32MP251CAI3, STM32MP251CAJ3, STM32MP251CAK3, STM32MP251CAL3, STM32MP251DAI3, STM32MP251DAJ3, STM32MP251DAK3, STM32MP251DAL3, STM32MP251FAI3, STM32MP251FAJ3, STM32MP251FAK3, STM32MP251FAL3, STM32MP253AAI3, STM32MP253AAJ3, STM32MP253AAK3, STM32MP253AAL3, STM32MP253CAI3, STM32MP253CAJ3, STM32MP253CAK3, STM32MP253CAL3, STM32MP253DAI3, STM32MP253DAJ3, STM32MP253DAK3, STM32MP253DAL3, STM32MP253FAI3, STM32MP253FAJ3, STM32MP253FAK3, STM32MP253FAL3, STM32MP255AAI3, STM32MP255AAJ3, STM32MP255AAK3, STM32MP255AAL3, STM32MP255CAI3, STM32MP255CAJ3, STM32MP255CAK3, STM32MP255CAL3, STM32MP255DAI3, STM32MP255DAJ3, STM32MP255DAK3, STM32MP255DAL3, STM32MP255FAI3, STM32MP255FAJ3, STM32MP255FAK3, STM32MP255FAL3, STM32MP257AAI3, STM32MP257AAJ3, STM32MP257AAK3, STM32MP257AAL3, STM32MP257CAI3, STM32MP257CAJ3, STM32MP257CAK3, STM32MP257CAL3, STM32MP257DAI3, STM32MP257DAJ3, STM32MP257DAK3, STM32MP257DAL3, STM32MP257F-DK, STM32MP257F-EV1, STM32MP257FAI3, STM32MP257FAJ3, STM32MP257FAK3, STM32MP257FAL3, STM32N645A0H3Q, STM32N645A0H3QG, STM32N645B0H3Q, STM32N645I0H3Q, STM32N645L0H3Q, STM32N645X0H3Q, STM32N645Z0H3Q, STM32N647A0H3Q, STM32N647A0H3QG, STM32N655A0H3Q, STM32N655A0H3QG, STM32N655B0H3Q, STM32N655I0H3Q, STM32N655L0H3Q, STM32N655X0H3Q, STM32N655Z0H3Q, STM32U031C6T6, STM32U031C6U6, STM32U031C8T6, STM32U031C8U6, STM32U031F4P6, STM32U031F6P6, STM32U031F8P6, STM32U031G6Y6TR, STM32U031G8Y6TR, STM32U031K4U6, STM32U031K6U6, STM32U031K8U6, STM32U031R6I6, STM32U031R6T6, STM32U031R8I6, STM32U031R8T6, STM32U073C8T6, STM32U073C8U6, STM32U073CBT6, STM32U073CBU6, STM32U073CCT6, STM32U073CCU6, STM32U073H8Y6TR, STM32U073HBY6TR, STM32U073HCY6TR, STM32U073K8U6, STM32U073KBU6, STM32U073KCU6, STM32U073M8I6, STM32U073M8T6, STM32U073MBI6, STM32U073MBT6, STM32U073MCI6, STM32U073MCT6, STM32U073R8I6, STM32U073R8T6, STM32U073RBI6, STM32U073RBT6, STM32U073RCI6, STM32U073RCT6, STM32U083C-DK, STM32U083CCT6, STM32U083CCU6, STM32U083HCY6TR, STM32U083KCU6, STM32U083MCI6, STM32U083MCT6, STM32U083RCI6, STM32U083RCT6, STM32U335CBT6, STM32U335CBT6Q, STM32U335CBU6, STM32U335CBU6Q, STM32U335CBY6QTR, STM32U335CCT6, STM32U335CCT6Q, STM32U335CCU6, STM32U335CCU6Q, STM32U335CCY6QTR, STM32U335KBU6, STM32U335KBY6QTR, STM32U335KCU6, STM32U335KCY6QTR, STM32U335RBI6, STM32U335RBI6Q, STM32U335RBT6, STM32U335RBT6Q, STM32U335RCI6, STM32U335RCI6Q, STM32U335RCT6, STM32U335RCT6Q, STM32U345CCT6, STM32U345CCT6Q, STM32U345CCU6, STM32U345CCU6Q, STM32U345CCY6QTR, STM32U345KCU6, STM32U345KCY6QTR, STM32U345RCI6, STM32U345RCI6Q, STM32U345RCT6, STM32U345RCT6Q, STM32U356CCT6, STM32U356CCT6Q, STM32U356CCU6, STM32U356CCU6Q, STM32U356CCY6QTR, STM32U356CET6, STM32U356CET6Q, STM32U356CEU6, STM32U356CEU6Q, STM32U356CEY6QTR, STM32U356KCU6, STM32U356KEU6, STM32U356RCI6, STM32U356RCI6Q, STM32U356RCT6, STM32U356RCT6Q, STM32U356RCY6QTR, STM32U356REI6, STM32U356REI6Q, STM32U356RET6, STM32U356RET6Q, STM32U356REY6QTR, STM32U356VCI6, STM32U356VCI6Q, STM32U356VCT6, STM32U356VCT6Q, STM32U356VEI6, STM32U356VEI6Q, STM32U356VET6, STM32U356VET6Q, STM32U366CET6, STM32U366CET6Q, STM32U366CEU6, STM32U366CEU6Q, STM32U366CEY6QTR, STM32U366E-DK, STM32U366KEU6, STM32U366REI6, STM32U366REI6Q, STM32U366RET6, STM32U366RET6Q, STM32U366REY6QTR, STM32U366VEI6, STM32U366VEI6Q, STM32U366VET6, STM32U366VET6Q, STM32U375CET6, STM32U375CET6Q, STM32U375CEU6, STM32U375CEU6Q, STM32U375CEY6QTR, STM32U375CGT6, STM32U375CGT6Q, STM32U375CGU6, STM32U375CGU6Q, STM32U375CGY6QTR, STM32U375KEU6, STM32U375KGU6, STM32U375REI6, STM32U375REI6Q, STM32U375RET6, STM32U375RET6Q, STM32U375REY6GTR, STM32U375REY6QTR, STM32U375RGI6Q, STM32U375RGT6Q, STM32U375RGY6GTR, STM32U375RGY6QTR, STM32U375VEI6, STM32U375VEI6Q, STM32U375VET6, STM32U375VET6Q, STM32U375VGI6Q, STM32U375VGT6Q, STM32U385CGT6, STM32U385CGT6Q, STM32U385CGU6, STM32U385CGU6Q, STM32U385CGY6QTR, STM32U385KGU6, STM32U385RGI6, STM32U385RGI6Q, STM32U385RGT6, STM32U385RGT6Q, STM32U385RGY6GTR, STM32U385RGY6QTR, STM32U385VGI6, STM32U385VGI6Q, STM32U385VGT6, STM32U385VGT6Q, STM32U3B5CGT6, STM32U3B5CGT6Q, STM32U3B5CGU6, STM32U3B5CGU6Q, STM32U3B5CIT6, STM32U3B5CIT6Q, STM32U3B5CIU6, STM32U3B5CIU6Q, STM32U3B5JGY6QTR, STM32U3B5JIY6QTR, STM32U3B5QGI6, STM32U3B5QGI6Q, STM32U3B5QII6, STM32U3B5QII6Q, STM32U3B5RGT6, STM32U3B5RGT6Q, STM32U3B5RIT6, STM32U3B5RIT6Q, STM32U3B5VGT6, STM32U3B5VGT6Q, STM32U3B5VGY6QTR, STM32U3B5VIT6, STM32U3B5VIT6Q, STM32U3B5VIY6QTR, STM32U3B5WGY6QTR, STM32U3B5WIY6QTR, STM32U3B5ZGT6, STM32U3B5ZGT6Q, STM32U3B5ZIT6, STM32U3B5ZIT6Q, STM32U3C5CIT6, STM32U3C5CIT6Q, STM32U3C5CIU6, STM32U3C5CIU6Q, STM32U3C5JIY6QTR, STM32U3C5QII6, STM32U3C5QII6Q, STM32U3C5RIT6, STM32U3C5RIT6Q, STM32U3C5VIT6, STM32U3C5VIT6Q, STM32U3C5VIY6QTR, STM32U3C5WIY6QTR, STM32U3C5ZIT6, STM32U3C5ZIT6Q, STM32U535CBT6, STM32U535CBT6Q, STM32U535CBU6, STM32U535CBU6Q, STM32U535CCT6, STM32U535CCT6Q, STM32U535CCU6, STM32U535CCU6Q, STM32U535CET6, STM32U535CET6Q, STM32U535CEU6, STM32U535CEU6Q, STM32U535JEY6QTR, STM32U535NCY6QTR, STM32U535NEY6QTR, STM32U535RBI6, STM32U535RBI6Q, STM32U535RBT6, STM32U535RBT6Q, STM32U535RCI6, STM32U535RCI6Q, STM32U535RCT6, STM32U535RCT6Q, STM32U535REI6, STM32U535REI6Q, STM32U535RET6, STM32U535RET6Q, STM32U535VCI6, STM32U535VCI6Q, STM32U535VCT6, STM32U535VCT6Q, STM32U535VEI6, STM32U535VEI6Q, STM32U535VET6, STM32U535VET6Q, STM32U545CET6, STM32U545CET6Q, STM32U545CEU6, STM32U545CEU6Q, STM32U545JEY6QTR, STM32U545NEY6QTR, STM32U545REI6, STM32U545REI6Q, STM32U545RET6, STM32U545RET6Q, STM32U545VEI6, STM32U545VEI6Q, STM32U545VET6, STM32U545VET6Q, STM32U595AIH6, STM32U595AIH6Q, STM32U595AJH6, STM32U595AJH6Q, STM32U595QII6, STM32U595QII6Q, STM32U595QJI6, STM32U595QJI6Q, STM32U595RIT6, STM32U595RIT6Q, STM32U595RJT6, STM32U595RJT6Q, STM32U595VIT6, STM32U595VIT6Q, STM32U595VJT6, STM32U595VJT6Q, STM32U595ZIT6, STM32U595ZIT6Q, STM32U595ZIY6QTR, STM32U595ZJT6, STM32U595ZJT6Q, STM32U595ZJY6QTR, STM32U599BJY6QTR, STM32U599NIH6Q, STM32U599NJH6Q, STM32U599VIT6Q, STM32U599VJT6, STM32U599VJT6Q, STM32U599ZIT6Q, STM32U599ZIY6QTR, STM32U599ZJT6Q, STM32U599ZJY6QTR, STM32U5A5AJH6, STM32U5A5AJH6Q, STM32U5A5QII3Q, STM32U5A5QJI6, STM32U5A5QJI6Q, STM32U5A5RJT6, STM32U5A5RJT6Q, STM32U5A5VJT6, STM32U5A5VJT6Q, STM32U5A5ZJT6, STM32U5A5ZJT6Q, STM32U5A5ZJY6QTR, STM32U5A9BJY6QTR, STM32U5A9J-DK, STM32U5A9NJH6Q, STM32U5A9VJT6Q, STM32U5A9ZJT6Q, STM32U5A9ZJY6QTR, STM32U5F7VIT6, STM32U5F7VIT6Q, STM32U5F7VJT6, STM32U5F7VJT6Q, STM32U5F9BJY6QTR, STM32U5F9NJH6Q, STM32U5F9VIT6Q, STM32U5F9VJT6Q, STM32U5F9ZIJ6QTR, STM32U5F9ZIT6Q, STM32U5F9ZJJ6QTR, STM32U5F9ZJT6Q, STM32U5G7VJT6, STM32U5G7VJT6Q, STM32U5G9BJY6QTR, STM32U5G9J-DK1, STM32U5G9J-DK2, STM32U5G9NJH6Q, STM32U5G9VJT6Q, STM32U5G9ZJJ6QTR, STM32U5G9ZJT6Q, STM32V863AII3, STM32V863AII6, STM32V863AJI3, STM32V863AJI6, STM32V863IIK3, STM32V863IIK6, STM32V863IIT3, STM32V863IIT6, STM32V863IJK3, STM32V863IJK6, STM32V863IJT3, STM32V863IJT6, STM32V863RIV3, STM32V863RIV6, STM32V863RJV3, STM32V863RJV6, STM32V863VIH3, STM32V863VIH6, STM32V863VIT3, STM32V863VIT6, STM32V863VJH3, STM32V863VJH6, STM32V863VJT3, STM32V863VJT6, STM32V863XIH3, STM32V863XIH6, STM32V863XJH3, STM32V863XJH6, STM32V863ZIT3, STM32V863ZIT6, STM32V863ZJT3, STM32V863ZJT6, STM32V873AII3, STM32V873AII6, STM32V873AJI3, STM32V873AJI6, STM32V873IIK3, STM32V873IIK6, STM32V873IIT3, STM32V873IIT6, STM32V873IJK3, STM32V873IJK6, STM32V873IJT3, STM32V873IJT6, STM32V873RIV3, STM32V873RIV6, STM32V873RJV3, STM32V873RJV6, STM32V873VIH3, STM32V873VIH6, STM32V873VIT3, STM32V873VIT6, STM32V873VJH3, STM32V873VJH6, STM32V873VJT3, STM32V873VJT6, STM32V873XIH3, STM32V873XIH6, STM32V873XJH3, STM32V873XJH6, STM32V873ZIT3, STM32V873ZIT6, STM32V873ZJT3, STM32V873ZJT6, STM32WB05KZV6TR, STM32WB05KZV7TR, STM32WB05TZF6TR, STM32WB05TZF7TR, STM32WB06CCF6TR, STM32WB06CCF7TR, STM32WB06CCV6TR, STM32WB06CCV7TR, STM32WB06KCV6TR, STM32WB06KCV7TR, STM32WB07CCF6TR, STM32WB07CCF7TR, STM32WB07CCV6TR, STM32WB07CCV7TR, STM32WB07KCV6TR, STM32WB07KCV7TR, STM32WB09KEV6TR, STM32WB09KEV7TR, STM32WB09TEF6TR, STM32WB09TEF7TR, STM32WB1MMCH6, STM32WBA23CEU6, STM32WBA23CEU6TR, STM32WBA23CEU7, STM32WBA23CEU7TR, STM32WBA23KEU6, STM32WBA23KEU6TR, STM32WBA23KEU7, STM32WBA23KEU7TR, STM32WBA25CEU6, STM32WBA25CEU6TR, STM32WBA25CEU7, STM32WBA25CEU7TR, STM32WBA25HEF6, STM32WBA25HEF6TR, STM32WBA25HEF7, STM32WBA25HEF7TR, STM32WBA50KGU6, STM32WBA50KGU6TR, STM32WBA52CEU6, STM32WBA52CEU6TR, STM32WBA52CEU7, STM32WBA52CEU7TR, STM32WBA52CGU6, STM32WBA52CGU6TR, STM32WBA52CGU7, STM32WBA52CGU7TR, STM32WBA52KEU6, STM32WBA52KEU6TR, STM32WBA52KGU6, STM32WBA52KGU6TR, STM32WBA54CEU6, STM32WBA54CEU6TR, STM32WBA54CEU7, STM32WBA54CEU7TR, STM32WBA54CGU6, STM32WBA54CGU6TR, STM32WBA54CGU7, STM32WBA54CGU7TR, STM32WBA54KEU6, STM32WBA54KEU6TR, STM32WBA54KEU7, STM32WBA54KEU7TR, STM32WBA54KGU6, STM32WBA54KGU6TR, STM32WBA54KGU7, STM32WBA54KGU7TR, STM32WBA55CEU6, STM32WBA55CEU6TR, STM32WBA55CEU7, STM32WBA55CEU7TR, STM32WBA55CGU6, STM32WBA55CGU6TR, STM32WBA55CGU6U, STM32WBA55CGU7, STM32WBA55CGU7TR, STM32WBA55G-DK1, STM32WBA55HGF6, STM32WBA55HGF7, STM32WBA55UEI6, STM32WBA55UEI6TR, STM32WBA55UEI7, STM32WBA55UEI7TR, STM32WBA55UGI6, STM32WBA55UGI6TR, STM32WBA55UGI7, STM32WBA55UGI7TR, STM32WBA62MGF6, STM32WBA62MIF6, STM32WBA62PII6, STM32WBA65MGF7, STM32WBA65MIF6, STM32WBA65MIF7, STM32WBA6MOIH6, STM32WL30K8V6, STM32WL30KBV6, STM32WL31C8V6, STM32WL31CBV6, STM32WL31K8V6, STM32WL31KBV6, STM32WL33C8V6X, STM32WL33CBV6X, STM32WL33CCV6X, STM32WL33K8V7X, STM32WL33KBV7X, STM32WL33KCV7X, STM32WL3RK8V6, STM32WL3RK8V6X, STM32WL3RKBV6, STM32WL3RKBV6X, STM32WL40CCV6, STM32WL40CEV6, STM32WL41CCV6, STM32WL41CEV6, STM32WL41RCV6, STM32WL41REV6, STM32WL43CCV6, STM32WL43CEV6, STM32WL43E-DK, STM32WL43RCV6, STM32WL43REV6, STM32WL5MOCH6, STM32WL5MOCH6STR, STM32WL5MOCH6TR]
2026-10-05 18:50:52,632 [INFO] BoardInfo:889 - No configuration file found for board P-NUCLEO-WB55
2026-10-05 18:50:52,634 [INFO] DbBoards:161 - Kit is not supported: P-NUCLEO-WB55
2026-10-05 18:50:52,643 [INFO] BoardInfo:889 - No configuration file found for board STEVAL-BFA001V1B
2026-10-05 18:50:52,644 [INFO] DbBoards:161 - Kit is not supported: STEVAL-BFA001V1B
2026-10-05 18:50:52,645 [INFO] BoardInfo:889 - No configuration file found for board STEVAL-BFA001V2B
2026-10-05 18:50:52,647 [INFO] DbBoards:161 - Kit is not supported: STEVAL-BFA001V2B
2026-10-05 18:50:52,883 [INFO] DbBoards:168 - Found 226 boards, 223 are supported
2026-10-05 18:50:52,883 [INFO] DbBoards:169 - Found 226 boards, 57 of them is supported for  Bsp
2026-10-05 18:50:52,886 [INFO] ApiDb:668 - CubeFinder database Data Model version=2.1
2026-10-05 18:50:52,886 [INFO] ApiDb:669 - CubeFinder database Configuration version=3.0.42
2026-10-05 18:50:52,886 [INFO] ApiDb:670 - CubeFinder database generation date=2026-06-23 (1782213372)
2026-10-05 18:50:52,886 [INFO] ApiDb:671 - CubeFinder database FW Pack versions=[FP-ATR-ASTRA1_V2.0.0, FP-SNS-FLIGHT1_V5.1.0, FP-SNS-MOTENV1_V5.1.0, FP-SNS-MOTENVWB1_V1.5.0, FP-SNS-SMARTAG2_V1.2.0, FP-SNS-STBOX1_V2.1.0, STM32Cube_FW_C0_V1.4.0, STM32Cube_FW_F4_V1.28.3, STM32Cube_FW_F7_V1.17.4, STM32Cube_FW_G0_V1.6.3, STM32Cube_FW_G4_V1.6.2, STM32Cube_FW_H5_V1.7.0, STM32Cube_FW_H7RS_V1.3.0, STM32Cube_FW_H7_V1.13.0, STM32Cube_FW_L0_V1.12.2, STM32Cube_FW_L4_V1.18.2, STM32Cube_FW_L5_V1.6.0, STM32Cube_FW_N6_V1.4.0, STM32Cube_FW_U0_V1.3.0, STM32Cube_FW_U3_V1.4.0, STM32Cube_FW_U5_V1.9.0, STM32Cube_FW_WB0_V1.5.0, STM32Cube_FW_WBA_V1.10.0, STM32Cube_FW_WB_V1.24.0, STM32Cube_FW_WL3_V1.5.0, STM32Cube_FW_WL_V1.6.0, X-CUBE-ALGOBUILD_V1.5.0, X-CUBE-ALS_V1.0.2, X-CUBE-AZRTOS-F4_V1.1.0, X-CUBE-AZRTOS-F7_V1.1.0, X-CUBE-AZRTOS-G0_V1.1.0, X-CUBE-AZRTOS-G4_V2.0.0, X-CUBE-AZRTOS-H7RS_V1.1.0, X-CUBE-AZRTOS-H7_V3.5.0, X-CUBE-AZRTOS-L4_V2.0.0, X-CUBE-AZRTOS-L5_V2.0.0, X-CUBE-AZRTOS-WB_V2.0.0, X-CUBE-AZRTOS-WL_V2.0.0, X-CUBE-BLE1_V7.1.0, X-CUBE-BLE2_V3.3.0, X-CUBE-BLEMGR_V4.1.0, X-CUBE-EEPRMA1_V5.2.0, X-CUBE-FREERTOS_V1.5.0, X-CUBE-GNSS1_V7.1.1, X-CUBE-MEMS1_V12.1.0, X-CUBE-NFC4_V3.0.0, X-CUBE-NFC7_V2.0.0, X-CUBE-SFXS2LP1_V4.0.0, X-CUBE-ST67W61_V1.3.0, X-CUBE-SUBG2_V5.0.0, X-CUBE-TOF1_V3.4.3]
2026-10-05 18:50:54,543 [INFO] ApiDb:240 - Found 1237 in-development CPN: [B-G473E-ZEST1S, B-WB1M-WPAN1, B-WBA5M-WPAN, B-WBA6M-WPAN, B-WL5M-SUBG1, NUCLEO-C031C6, NUCLEO-C051C8, NUCLEO-C071RB, NUCLEO-C092RC, NUCLEO-H503RB, NUCLEO-H533RE, NUCLEO-H553ZG, NUCLEO-H563ZI, NUCLEO-H5E5ZJ, NUCLEO-H7S3L8, NUCLEO-U031R8, NUCLEO-U083RC, NUCLEO-U345RC-Q, NUCLEO-U366RE-Q, NUCLEO-U385RG-Q, NUCLEO-U3C5ZI-Q, NUCLEO-U545RE-Q, NUCLEO-U5A5ZJ-Q, NUCLEO-WB05KZ, NUCLEO-WB07CC, NUCLEO-WB09KE, NUCLEO-WBA25CE1, NUCLEO-WBA52CG, NUCLEO-WBA55CG, NUCLEO-WL3RKB1, NUCLEO-WL3RKB2, NUCLEO-WL43RE1, NUCLEO-WL43RE2, STEVAL-PROTEUS1, STEVAL-SMARTAG2, STEVAL-STWINBX1, STM320518-EVAL, STM32C0116-DK, STM32C011D6Y3TR, STM32C011D6Y6TR, STM32C011F4P3, STM32C011F4P6, STM32C011F4U3, STM32C011F4U6TR, STM32C011F6P3, STM32C011F6P6, STM32C011F6U3, STM32C011F6U6TR, STM32C011J4M3, STM32C011J4M6, STM32C011J6M3, STM32C011J6M6, STM32C0316-DK, STM32C031C4T3, STM32C031C4T6, STM32C031C4U3, STM32C031C4U6, STM32C031C6T3, STM32C031C6T6, STM32C031C6U3, STM32C031C6U6, STM32C031F4P3, STM32C031F4P6, STM32C031F6P3, STM32C031F6P6, STM32C031G4U3, STM32C031G4U6, STM32C031G6U3, STM32C031G6U6, STM32C031K4T3, STM32C031K4T6, STM32C031K4U3, STM32C031K4U6, STM32C031K6T3, STM32C031K6T6, STM32C031K6U3, STM32C031K6U6, STM32C051C6T6, STM32C051C6U6, STM32C051C8T6, STM32C051C8U6, STM32C051D8Y6TR, STM32C051F6P6, STM32C051F8P6, STM32C051G6U6, STM32C051G8U6, STM32C051K6T6, STM32C051K6U6, STM32C051K8T6, STM32C071C8T6, STM32C071C8T6N, STM32C071C8U6, STM32C071C8U6N, STM32C071CBT6, STM32C071CBT6N, STM32C071CBU6, STM32C071CBU6N, STM32C071F8P6, STM32C071F8P6N, STM32C071FBP6, STM32C071FBP6N, STM32C071FBY6TR, STM32C071G8U6, STM32C071G8U6N, STM32C071GBU6, STM32C071GBU6N, STM32C071K8T6, STM32C071K8T6N, STM32C071K8U6, STM32C071K8U6N, STM32C071KBT6, STM32C071KBT6N, STM32C071KBU6, STM32C071KBU6N, STM32C071R8T6, STM32C071R8T6N, STM32C071RBI6N, STM32C071RBT6, STM32C071RBT6N, STM32C091CBT6, STM32C091CBU6, STM32C091CCT6, STM32C091CCU6, STM32C091ECY6TR, STM32C091FBP6, STM32C091FCP6, STM32C091GBU6, STM32C091GCU6, STM32C091KBT6, STM32C091KBU6, STM32C091KCT6, STM32C091KCU6, STM32C091RBT6, STM32C091RCI6, STM32C091RCT6, STM32C092CBT6, STM32C092CBU6, STM32C092CCT6, STM32C092CCU6, STM32C092ECY6TR, STM32C092FBP6, STM32C092FCP6, STM32C092GBU6, STM32C092GCU6, STM32C092KBT6, STM32C092KBU6, STM32C092KCT6, STM32C092KCU6, STM32C092RBT6, STM32C092RCI6, STM32C092RCT6, STM32C531CBT6, STM32C531CBU6, STM32C531CCT6, STM32C531CCU6, STM32C531EBU6, STM32C531ECU6, STM32C531FBP6, STM32C531FBU6, STM32C531FCP6, STM32C531FCU6, STM32C531GBU6, STM32C531GCU6, STM32C531KBT6, STM32C531KBU6, STM32C531KCT6, STM32C531KCU6, STM32C531RBT6, STM32C531RCT6, STM32C532CBT6, STM32C532CBU6, STM32C532CCT6, STM32C532CCU6, STM32C532EBU6, STM32C532ECU6, STM32C532FBP6, STM32C532FBU6, STM32C532FCP6, STM32C532FCU6, STM32C532GBU6, STM32C532GCU6, STM32C532KBT6, STM32C532KBU6, STM32C532KCT6, STM32C532KCU6, STM32C532RBT6, STM32C532RCT6, STM32C542CCT6, STM32C542CCU6, STM32C542ECU6, STM32C542FCP6, STM32C542FCU6, STM32C542GCU6, STM32C542KCT6, STM32C542KCU6, STM32C542RCT6, STM32C591CET6, STM32C591CEU6, STM32C591CGT6, STM32C591CGU6, STM32C591KET6, STM32C591KEU6, STM32C591KGT6, STM32C591KGU6, STM32C591MET6, STM32C591MGT6, STM32C591RET6, STM32C591RGT6, STM32C591VET6, STM32C591VGT6, STM32C591ZET6, STM32C591ZGT6, STM32C593CET6, STM32C593CEU6, STM32C593CGT6, STM32C593CGU6, STM32C593KET6, STM32C593KEU6, STM32C593KGT6, STM32C593KGU6, STM32C593MET6, STM32C593MGT6, STM32C593RET6, STM32C593RGT6, STM32C593VET6, STM32C593VGT6, STM32C593ZET6, STM32C593ZGT6, STM32C5A3CGT6, STM32C5A3CGU6, STM32C5A3KGT6, STM32C5A3KGU6, STM32C5A3MGT6, STM32C5A3RGT6, STM32C5A3VGT6, STM32C5A3ZGT6, STM32F723RCV6, STM32F723REV6, STM32G071K8TXN, STM32G071K8UXN, STM32G081GBU6N, STM32G081KBT6N, STM32G081KBUXN, STM32G0B1CCT6N, STM32G0B1KCT6, STM32G0B1NEY6TR, STM32G0B1RCT6N, STM32G0C1CCT6, STM32G0C1CCT6N, STM32G0C1CCU6N, STM32G0C1CET6N, STM32G0C1CEU6N, STM32G0C1KCT6, STM32G0C1NEY6TR, STM32G0C1RCI6N, STM32G0C1RCT6N, STM32G0C1REI6N, STM32G0C1RET6N, STM32G0C1VCI6, STM32G0C1VEI6, STM32G411C6T3, STM32G411C6T6, STM32G411C6U3, STM32G411C6U6, STM32G411C8T3, STM32G411C8T6, STM32G411C8U3, STM32G411C8U6, STM32G411CBT3, STM32G411CBT6, STM32G411CBU3, STM32G411CBU6, STM32G411CCT3, STM32G411CCT6, STM32G411CCU3, STM32G411CCU6, STM32G411K6T3, STM32G411K6T6, STM32G411K6U3, STM32G411K6U6, STM32G411K8T3, STM32G411K8T6, STM32G411K8U3, STM32G411K8U6, STM32G411KBT3, STM32G411KBT6, STM32G411KBU3, STM32G411KBU6, STM32G411M6T3, STM32G411M6T6, STM32G411M8T3, STM32G411M8T6, STM32G411MBT3, STM32G411MBT6, STM32G411MCT3, STM32G411MCT6, STM32G411R6T3, STM32G411R6T6, STM32G411R8T3, STM32G411R8T6, STM32G411RBT3, STM32G411RBT6, STM32G411RCT3, STM32G411RCT6, STM32G414CBT3, STM32G414CBT6, STM32G414CBU3, STM32G414CBU6, STM32G414CCT3, STM32G414CCT6, STM32G414CCU3, STM32G414CCU6, STM32G414MBT3, STM32G414MBT6, STM32G414MCT3, STM32G414MCT6, STM32G414RBT3, STM32G414RBT6, STM32G414RCT3, STM32G414RCT6, STM32G414VBT3, STM32G414VBT6, STM32G414VCT3, STM32G414VCT6, STM32G431CBT3Z, STM32G431RBT3Z, STM32G471CCT6, STM32G471CCU6, STM32G471CET3, STM32G471CET6, STM32G471CEU3, STM32G471CEU6, STM32G471MCT6, STM32G471MET3, STM32G471MET6, STM32G471MEY6TR, STM32G471QCT6, STM32G471QET3, STM32G471RCT6, STM32G471RET3, STM32G471RET6, STM32G471VCH6, STM32G471VCI6, STM32G471VCT6, STM32G471VEH3, STM32G471VEH6, STM32G471VEI3, STM32G471VEI6, STM32G471VET3, STM32G471VET6, STM32G473QET3Z, STM32G473RET3Z, STM32G474CCT6, STM32G491CET3Z, STM32G491RET3Z, STM32H503CBT6, STM32H503CBU6, STM32H503EBY6TR, STM32H503KBU6, STM32H503RBT6, STM32H523CCT6, STM32H523CCU6, STM32H523CET6, STM32H523CEU6, STM32H523HEY6TR, STM32H523RCT6, STM32H523RET6, STM32H523VCI6, STM32H523VCT6, STM32H523VEI6, STM32H523VET6, STM32H523ZCJ6, STM32H523ZCT6, STM32H523ZEJ6, STM32H523ZET6, STM32H533CET6, STM32H533CEU6, STM32H533HEY6TR, STM32H533RET6, STM32H533VEI6, STM32H533VET6, STM32H533ZEJ6, STM32H533ZET6, STM32H543CET6, STM32H543CEU6, STM32H543CGT6, STM32H543CGU6, STM32H543RET6, STM32H543RGT6, STM32H543UGY6TR, STM32H543VEI6, STM32H543VET6, STM32H543VEZ3, STM32H543VGI6, STM32H543VGT6, STM32H543VGZ3, STM32H543ZEJ6, STM32H543ZET6, STM32H543ZEZ3, STM32H543ZGJ6, STM32H543ZGT6, STM32H543ZGZ3, STM32H553CGT6, STM32H553CGU6, STM32H553RGT6, STM32H553UGY6TR, STM32H553VGI6, STM32H553VGT6, STM32H553VGZ3, STM32H553ZGJ6, STM32H553ZGT6, STM32H553ZGZ3, STM32H562AGI6, STM32H562AII6, STM32H562IGK6, STM32H562IGT6, STM32H562IIK6, STM32H562IIT6, STM32H562RGT6, STM32H562RGV6, STM32H562RIT6, STM32H562RIV6, STM32H562VGT6, STM32H562VIT6, STM32H562ZGT6, STM32H562ZIT6, STM32H563AGI6, STM32H563AII3Q, STM32H563AII6, STM32H563IGK6, STM32H563IGT6, STM32H563IIK3Q, STM32H563IIK6, STM32H563IIT3Q, STM32H563IIT6, STM32H563MIY3QTR, STM32H563RGT6, STM32H563RGV6, STM32H563RIT6, STM32H563RIV6, STM32H563VGT6, STM32H563VIT3Q, STM32H563VIT6, STM32H563ZGT6, STM32H563ZIT3Q, STM32H563ZIT6, STM32H573AII3Q, STM32H573AII6, STM32H573I-DK, STM32H573IIK3Q, STM32H573IIK6, STM32H573IIT3Q, STM32H573IIT6, STM32H573MIY3QTR, STM32H573RIT6, STM32H573RIV6, STM32H573VIT3Q, STM32H573VIT6, STM32H573ZIT3Q, STM32H573ZIT6, STM32H5E4AJI6, STM32H5E4AJI7Q, STM32H5E4AKI6, STM32H5E4IJK6, STM32H5E4IJK7Q, STM32H5E4IJT6, STM32H5E4IJT7Q, STM32H5E4IKK6, STM32H5E4IKT6, STM32H5E4VJT6, STM32H5E4VJT7Q, STM32H5E4VKT6, STM32H5E4ZJJ6, STM32H5E4ZJJ7Q, STM32H5E4ZJT6, STM32H5E4ZJT7Q, STM32H5E4ZKJ6, STM32H5E4ZKT6, STM32H5E5IJK7Q, STM32H5E5IJT7Q, STM32H5E5IKK7Q, STM32H5E5IKT7Q, STM32H5E5LJH7Q, STM32H5E5LKH7Q, STM32H5E5VJY7QTR, STM32H5E5VKY7QTR, STM32H5E5ZJT6, STM32H5E5ZKT6, STM32H5F4AJI6, STM32H5F4AJI7Q, STM32H5F4IJK6, STM32H5F4IJK7Q, STM32H5F4IJT6, STM32H5F4IJT7Q, STM32H5F4VJT6, STM32H5F4VJT7Q, STM32H5F4ZJJ6, STM32H5F4ZJJ7Q, STM32H5F4ZJT6, STM32H5F4ZJT7Q, STM32H5F5IJK7Q, STM32H5F5IJT7Q, STM32H5F5J-DK, STM32H5F5LJH7Q, STM32H5F5VJY7QTR, STM32H5F5ZJT6, STM32H7R3A8I6, STM32H7R3I8K6, STM32H7R3I8T6, STM32H7R3L8H6, STM32H7R3L8H6H, STM32H7R3R8V6, STM32H7R3V8H6, STM32H7R3V8T6, STM32H7R3V8Y6TR, STM32H7R3Z8J6, STM32H7R3Z8T6, STM32H7R7A8I6, STM32H7R7I8K6, STM32H7R7I8T6, STM32H7R7L8H6, STM32H7R7L8H6H, STM32H7R7Z8J6, STM32H7S3A8I6, STM32H7S3I8K6, STM32H7S3I8T6, STM32H7S3L8H6, STM32H7S3L8H6H, STM32H7S3R8V6, STM32H7S3V8H6, STM32H7S3V8T6, STM32H7S3V8Y6TR, STM32H7S3Z8J6, STM32H7S3Z8T6, STM32H7S78-DK, STM32H7S7A8I6, STM32H7S7I8K6, STM32H7S7I8T6, STM32H7S7L8H6, STM32H7S7L8H6H, STM32H7S7Z8J6, STM32L4R5QGI6STR, STM32MP131AAE3, STM32MP131AAF3, STM32MP131AAG3, STM32MP131CAE3, STM32MP131CAF3, STM32MP131CAG3, STM32MP131DAE7, STM32MP131DAF7, STM32MP131DAG7, STM32MP131FAE7, STM32MP131FAF7, STM32MP131FAG7, STM32MP133AAE3, STM32MP133AAF3, STM32MP133AAG3, STM32MP133CAE3, STM32MP133CAF3, STM32MP133CAG3, STM32MP133DAE7, STM32MP133DAF7, STM32MP133DAG7, STM32MP133FAE7, STM32MP133FAF7, STM32MP133FAG7, STM32MP135AAE3, STM32MP135AAF3, STM32MP135AAG3, STM32MP135CAE3, STM32MP135CAF3, STM32MP135CAG3, STM32MP135DAE7, STM32MP135DAF7, STM32MP135DAG7, STM32MP135F-DK, STM32MP135FAE7, STM32MP135FAF7, STM32MP135FAF7T, STM32MP135FAF7U, STM32MP135FAG7, STM32MP211AAL3, STM32MP211AAM3, STM32MP211AAN3, STM32MP211AAO3, STM32MP211CAL3, STM32MP211CAM3, STM32MP211CAN3, STM32MP211CAO3, STM32MP211DAL3, STM32MP211DAM3, STM32MP211DAN3, STM32MP211DAO3, STM32MP211FAL3, STM32MP211FAM3, STM32MP211FAN3, STM32MP211FAO3, STM32MP213AAL3, STM32MP213AAM3, STM32MP213AAN3, STM32MP213AAO3, STM32MP213CAL3, STM32MP213CAM3, STM32MP213CAN3, STM32MP213CAO3, STM32MP213DAL3, STM32MP213DAM3, STM32MP213DAN3, STM32MP213DAO3, STM32MP213FAL3, STM32MP213FAM3, STM32MP213FAN3, STM32MP213FAO3, STM32MP215AAL3, STM32MP215AAM3, STM32MP215AAN3, STM32MP215AAO3, STM32MP215CAL3, STM32MP215CAM3, STM32MP215CAN3, STM32MP215CAO3, STM32MP215DAL3, STM32MP215DAM3, STM32MP215DAN3, STM32MP215DAO3, STM32MP215F-DK, STM32MP215FAL3, STM32MP215FAM3, STM32MP215FAN3, STM32MP215FAO3, STM32MP251AAI3, STM32MP251AAJ3, STM32MP251AAK3, STM32MP251AAL3, STM32MP251CAI3, STM32MP251CAJ3, STM32MP251CAK3, STM32MP251CAL3, STM32MP251DAI3, STM32MP251DAJ3, STM32MP251DAK3, STM32MP251DAL3, STM32MP251FAI3, STM32MP251FAJ3, STM32MP251FAK3, STM32MP251FAL3, STM32MP253AAI3, STM32MP253AAJ3, STM32MP253AAK3, STM32MP253AAL3, STM32MP253CAI3, STM32MP253CAJ3, STM32MP253CAK3, STM32MP253CAL3, STM32MP253DAI3, STM32MP253DAJ3, STM32MP253DAK3, STM32MP253DAL3, STM32MP253FAI3, STM32MP253FAJ3, STM32MP253FAK3, STM32MP253FAL3, STM32MP255AAI3, STM32MP255AAJ3, STM32MP255AAK3, STM32MP255AAL3, STM32MP255CAI3, STM32MP255CAJ3, STM32MP255CAK3, STM32MP255CAL3, STM32MP255DAI3, STM32MP255DAJ3, STM32MP255DAK3, STM32MP255DAL3, STM32MP255FAI3, STM32MP255FAJ3, STM32MP255FAK3, STM32MP255FAL3, STM32MP257AAI3, STM32MP257AAJ3, STM32MP257AAK3, STM32MP257AAL3, STM32MP257CAI3, STM32MP257CAJ3, STM32MP257CAK3, STM32MP257CAL3, STM32MP257DAI3, STM32MP257DAJ3, STM32MP257DAK3, STM32MP257DAL3, STM32MP257F-DK, STM32MP257F-EV1, STM32MP257FAI3, STM32MP257FAJ3, STM32MP257FAK3, STM32MP257FAL3, STM32N645A0H3Q, STM32N645A0H3QG, STM32N645B0H3Q, STM32N645I0H3Q, STM32N645L0H3Q, STM32N645X0H3Q, STM32N645Z0H3Q, STM32N647A0H3Q, STM32N647A0H3QG, STM32N655A0H3Q, STM32N655A0H3QG, STM32N655B0H3Q, STM32N655I0H3Q, STM32N655L0H3Q, STM32N655X0H3Q, STM32N655Z0H3Q, STM32U031C6T6, STM32U031C6U6, STM32U031C8T6, STM32U031C8U6, STM32U031F4P6, STM32U031F6P6, STM32U031F8P6, STM32U031G6Y6TR, STM32U031G8Y6TR, STM32U031K4U6, STM32U031K6U6, STM32U031K8U6, STM32U031R6I6, STM32U031R6T6, STM32U031R8I6, STM32U031R8T6, STM32U073C8T6, STM32U073C8U6, STM32U073CBT6, STM32U073CBU6, STM32U073CCT6, STM32U073CCU6, STM32U073H8Y6TR, STM32U073HBY6TR, STM32U073HCY6TR, STM32U073K8U6, STM32U073KBU6, STM32U073KCU6, STM32U073M8I6, STM32U073M8T6, STM32U073MBI6, STM32U073MBT6, STM32U073MCI6, STM32U073MCT6, STM32U073R8I6, STM32U073R8T6, STM32U073RBI6, STM32U073RBT6, STM32U073RCI6, STM32U073RCT6, STM32U083C-DK, STM32U083CCT6, STM32U083CCU6, STM32U083HCY6TR, STM32U083KCU6, STM32U083MCI6, STM32U083MCT6, STM32U083RCI6, STM32U083RCT6, STM32U335CBT6, STM32U335CBT6Q, STM32U335CBU6, STM32U335CBU6Q, STM32U335CBY6QTR, STM32U335CCT6, STM32U335CCT6Q, STM32U335CCU6, STM32U335CCU6Q, STM32U335CCY6QTR, STM32U335KBU6, STM32U335KBY6QTR, STM32U335KCU6, STM32U335KCY6QTR, STM32U335RBI6, STM32U335RBI6Q, STM32U335RBT6, STM32U335RBT6Q, STM32U335RCI6, STM32U335RCI6Q, STM32U335RCT6, STM32U335RCT6Q, STM32U345CCT6, STM32U345CCT6Q, STM32U345CCU6, STM32U345CCU6Q, STM32U345CCY6QTR, STM32U345KCU6, STM32U345KCY6QTR, STM32U345RCI6, STM32U345RCI6Q, STM32U345RCT6, STM32U345RCT6Q, STM32U356CCT6, STM32U356CCT6Q, STM32U356CCU6, STM32U356CCU6Q, STM32U356CCY6QTR, STM32U356CET6, STM32U356CET6Q, STM32U356CEU6, STM32U356CEU6Q, STM32U356CEY6QTR, STM32U356KCU6, STM32U356KEU6, STM32U356RCI6, STM32U356RCI6Q, STM32U356RCT6, STM32U356RCT6Q, STM32U356RCY6QTR, STM32U356REI6, STM32U356REI6Q, STM32U356RET6, STM32U356RET6Q, STM32U356REY6QTR, STM32U356VCI6, STM32U356VCI6Q, STM32U356VCT6, STM32U356VCT6Q, STM32U356VEI6, STM32U356VEI6Q, STM32U356VET6, STM32U356VET6Q, STM32U366CET6, STM32U366CET6Q, STM32U366CEU6, STM32U366CEU6Q, STM32U366CEY6QTR, STM32U366E-DK, STM32U366KEU6, STM32U366REI6, STM32U366REI6Q, STM32U366RET6, STM32U366RET6Q, STM32U366REY6QTR, STM32U366VEI6, STM32U366VEI6Q, STM32U366VET6, STM32U366VET6Q, STM32U375CET6, STM32U375CET6Q, STM32U375CEU6, STM32U375CEU6Q, STM32U375CEY6QTR, STM32U375CGT6, STM32U375CGT6Q, STM32U375CGU6, STM32U375CGU6Q, STM32U375CGY6QTR, STM32U375KEU6, STM32U375KGU6, STM32U375REI6, STM32U375REI6Q, STM32U375RET6, STM32U375RET6Q, STM32U375REY6GTR, STM32U375REY6QTR, STM32U375RGI6Q, STM32U375RGT6Q, STM32U375RGY6GTR, STM32U375RGY6QTR, STM32U375VEI6, STM32U375VEI6Q, STM32U375VET6, STM32U375VET6Q, STM32U375VGI6Q, STM32U375VGT6Q, STM32U385CGT6, STM32U385CGT6Q, STM32U385CGU6, STM32U385CGU6Q, STM32U385CGY6QTR, STM32U385KGU6, STM32U385RGI6, STM32U385RGI6Q, STM32U385RGT6, STM32U385RGT6Q, STM32U385RGY6GTR, STM32U385RGY6QTR, STM32U385VGI6, STM32U385VGI6Q, STM32U385VGT6, STM32U385VGT6Q, STM32U3B5CGT6, STM32U3B5CGT6Q, STM32U3B5CGU6, STM32U3B5CGU6Q, STM32U3B5CIT6, STM32U3B5CIT6Q, STM32U3B5CIU6, STM32U3B5CIU6Q, STM32U3B5JGY6QTR, STM32U3B5JIY6QTR, STM32U3B5QGI6, STM32U3B5QGI6Q, STM32U3B5QII6, STM32U3B5QII6Q, STM32U3B5RGT6, STM32U3B5RGT6Q, STM32U3B5RIT6, STM32U3B5RIT6Q, STM32U3B5VGT6, STM32U3B5VGT6Q, STM32U3B5VGY6QTR, STM32U3B5VIT6, STM32U3B5VIT6Q, STM32U3B5VIY6QTR, STM32U3B5WGY6QTR, STM32U3B5WIY6QTR, STM32U3B5ZGT6, STM32U3B5ZGT6Q, STM32U3B5ZIT6, STM32U3B5ZIT6Q, STM32U3C5CIT6, STM32U3C5CIT6Q, STM32U3C5CIU6, STM32U3C5CIU6Q, STM32U3C5JIY6QTR, STM32U3C5QII6, STM32U3C5QII6Q, STM32U3C5RIT6, STM32U3C5RIT6Q, STM32U3C5VIT6, STM32U3C5VIT6Q, STM32U3C5VIY6QTR, STM32U3C5WIY6QTR, STM32U3C5ZIT6, STM32U3C5ZIT6Q, STM32U535CBT6, STM32U535CBT6Q, STM32U535CBU6, STM32U535CBU6Q, STM32U535CCT6, STM32U535CCT6Q, STM32U535CCU6, STM32U535CCU6Q, STM32U535CET6, STM32U535CET6Q, STM32U535CEU6, STM32U535CEU6Q, STM32U535JEY6QTR, STM32U535NCY6QTR, STM32U535NEY6QTR, STM32U535RBI6, STM32U535RBI6Q, STM32U535RBT6, STM32U535RBT6Q, STM32U535RCI6, STM32U535RCI6Q, STM32U535RCT6, STM32U535RCT6Q, STM32U535REI6, STM32U535REI6Q, STM32U535RET6, STM32U535RET6Q, STM32U535VCI6, STM32U535VCI6Q, STM32U535VCT6, STM32U535VCT6Q, STM32U535VEI6, STM32U535VEI6Q, STM32U535VET6, STM32U535VET6Q, STM32U545CET6, STM32U545CET6Q, STM32U545CEU6, STM32U545CEU6Q, STM32U545JEY6QTR, STM32U545NEY6QTR, STM32U545REI6, STM32U545REI6Q, STM32U545RET6, STM32U545RET6Q, STM32U545VEI6, STM32U545VEI6Q, STM32U545VET6, STM32U545VET6Q, STM32U595AIH6, STM32U595AIH6Q, STM32U595AJH6, STM32U595AJH6Q, STM32U595QII6, STM32U595QII6Q, STM32U595QJI6, STM32U595QJI6Q, STM32U595RIT6, STM32U595RIT6Q, STM32U595RJT6, STM32U595RJT6Q, STM32U595VIT6, STM32U595VIT6Q, STM32U595VJT6, STM32U595VJT6Q, STM32U595ZIT6, STM32U595ZIT6Q, STM32U595ZIY6QTR, STM32U595ZJT6, STM32U595ZJT6Q, STM32U595ZJY6QTR, STM32U599BJY6QTR, STM32U599NIH6Q, STM32U599NJH6Q, STM32U599VIT6Q, STM32U599VJT6, STM32U599VJT6Q, STM32U599ZIT6Q, STM32U599ZIY6QTR, STM32U599ZJT6Q, STM32U599ZJY6QTR, STM32U5A5AJH6, STM32U5A5AJH6Q, STM32U5A5QII3Q, STM32U5A5QJI6, STM32U5A5QJI6Q, STM32U5A5RJT6, STM32U5A5RJT6Q, STM32U5A5VJT6, STM32U5A5VJT6Q, STM32U5A5ZJT6, STM32U5A5ZJT6Q, STM32U5A5ZJY6QTR, STM32U5A9BJY6QTR, STM32U5A9J-DK, STM32U5A9NJH6Q, STM32U5A9VJT6Q, STM32U5A9ZJT6Q, STM32U5A9ZJY6QTR, STM32U5F7VIT6, STM32U5F7VIT6Q, STM32U5F7VJT6, STM32U5F7VJT6Q, STM32U5F9BJY6QTR, STM32U5F9NJH6Q, STM32U5F9VIT6Q, STM32U5F9VJT6Q, STM32U5F9ZIJ6QTR, STM32U5F9ZIT6Q, STM32U5F9ZJJ6QTR, STM32U5F9ZJT6Q, STM32U5G7VJT6, STM32U5G7VJT6Q, STM32U5G9BJY6QTR, STM32U5G9J-DK1, STM32U5G9J-DK2, STM32U5G9NJH6Q, STM32U5G9VJT6Q, STM32U5G9ZJJ6QTR, STM32U5G9ZJT6Q, STM32V863AII3, STM32V863AII6, STM32V863AJI3, STM32V863AJI6, STM32V863IIK3, STM32V863IIK6, STM32V863IIT3, STM32V863IIT6, STM32V863IJK3, STM32V863IJK6, STM32V863IJT3, STM32V863IJT6, STM32V863RIV3, STM32V863RIV6, STM32V863RJV3, STM32V863RJV6, STM32V863VIH3, STM32V863VIH6, STM32V863VIT3, STM32V863VIT6, STM32V863VJH3, STM32V863VJH6, STM32V863VJT3, STM32V863VJT6, STM32V863XIH3, STM32V863XIH6, STM32V863XJH3, STM32V863XJH6, STM32V863ZIT3, STM32V863ZIT6, STM32V863ZJT3, STM32V863ZJT6, STM32V873AII3, STM32V873AII6, STM32V873AJI3, STM32V873AJI6, STM32V873IIK3, STM32V873IIK6, STM32V873IIT3, STM32V873IIT6, STM32V873IJK3, STM32V873IJK6, STM32V873IJT3, STM32V873IJT6, STM32V873RIV3, STM32V873RIV6, STM32V873RJV3, STM32V873RJV6, STM32V873VIH3, STM32V873VIH6, STM32V873VIT3, STM32V873VIT6, STM32V873VJH3, STM32V873VJH6, STM32V873VJT3, STM32V873VJT6, STM32V873XIH3, STM32V873XIH6, STM32V873XJH3, STM32V873XJH6, STM32V873ZIT3, STM32V873ZIT6, STM32V873ZJT3, STM32V873ZJT6, STM32WB05KZV6TR, STM32WB05KZV7TR, STM32WB05TZF6TR, STM32WB05TZF7TR, STM32WB06CCF6TR, STM32WB06CCF7TR, STM32WB06CCV6TR, STM32WB06CCV7TR, STM32WB06KCV6TR, STM32WB06KCV7TR, STM32WB07CCF6TR, STM32WB07CCF7TR, STM32WB07CCV6TR, STM32WB07CCV7TR, STM32WB07KCV6TR, STM32WB07KCV7TR, STM32WB09KEV6TR, STM32WB09KEV7TR, STM32WB09TEF6TR, STM32WB09TEF7TR, STM32WB1MMCH6, STM32WBA23CEU6, STM32WBA23CEU6TR, STM32WBA23CEU7, STM32WBA23CEU7TR, STM32WBA23KEU6, STM32WBA23KEU6TR, STM32WBA23KEU7, STM32WBA23KEU7TR, STM32WBA25CEU6, STM32WBA25CEU6TR, STM32WBA25CEU7, STM32WBA25CEU7TR, STM32WBA25HEF6, STM32WBA25HEF6TR, STM32WBA25HEF7, STM32WBA25HEF7TR, STM32WBA50KGU6, STM32WBA50KGU6TR, STM32WBA52CEU6, STM32WBA52CEU6TR, STM32WBA52CEU7, STM32WBA52CEU7TR, STM32WBA52CGU6, STM32WBA52CGU6TR, STM32WBA52CGU7, STM32WBA52CGU7TR, STM32WBA52KEU6, STM32WBA52KEU6TR, STM32WBA52KGU6, STM32WBA52KGU6TR, STM32WBA54CEU6, STM32WBA54CEU6TR, STM32WBA54CEU7, STM32WBA54CEU7TR, STM32WBA54CGU6, STM32WBA54CGU6TR, STM32WBA54CGU7, STM32WBA54CGU7TR, STM32WBA54KEU6, STM32WBA54KEU6TR, STM32WBA54KEU7, STM32WBA54KEU7TR, STM32WBA54KGU6, STM32WBA54KGU6TR, STM32WBA54KGU7, STM32WBA54KGU7TR, STM32WBA55CEU6, STM32WBA55CEU6TR, STM32WBA55CEU7, STM32WBA55CEU7TR, STM32WBA55CGU6, STM32WBA55CGU6TR, STM32WBA55CGU6U, STM32WBA55CGU7, STM32WBA55CGU7TR, STM32WBA55G-DK1, STM32WBA55HGF6, STM32WBA55HGF7, STM32WBA55UEI6, STM32WBA55UEI6TR, STM32WBA55UEI7, STM32WBA55UEI7TR, STM32WBA55UGI6, STM32WBA55UGI6TR, STM32WBA55UGI7, STM32WBA55UGI7TR, STM32WBA62MGF6, STM32WBA62MIF6, STM32WBA62PII6, STM32WBA65MGF7, STM32WBA65MIF6, STM32WBA65MIF7, STM32WBA6MOIH6, STM32WL30K8V6, STM32WL30KBV6, STM32WL31C8V6, STM32WL31CBV6, STM32WL31K8V6, STM32WL31KBV6, STM32WL33C8V6X, STM32WL33CBV6X, STM32WL33CCV6X, STM32WL33K8V7X, STM32WL33KBV7X, STM32WL33KCV7X, STM32WL3RK8V6, STM32WL3RK8V6X, STM32WL3RKBV6, STM32WL3RKBV6X, STM32WL40CCV6, STM32WL40CEV6, STM32WL41CCV6, STM32WL41CEV6, STM32WL41RCV6, STM32WL41REV6, STM32WL43CCV6, STM32WL43CEV6, STM32WL43E-DK, STM32WL43RCV6, STM32WL43REV6, STM32WL5MOCH6, STM32WL5MOCH6STR, STM32WL5MOCH6TR]
2026-10-05 18:50:54,547 [INFO] DbMcus:218 - Found 5366 MCUs, 5213 are supported
2026-10-05 18:50:54,547 [INFO] ApiDb:414 - User favorites file not found: C:\Users\Li/.stm32cubemx/favorites.mcus.txt
2026-10-05 18:50:54,547 [INFO] DbMcus:224 - Set 0 / 0 favorites MCUs
2026-10-05 18:50:54,826 [INFO] ApiDb:414 - User favorites file not found: C:\Users\Li/.stm32cubemx/favorites.boards.txt
2026-10-05 18:50:54,826 [INFO] DbBoards:198 - Set 0 / 0 favorites Boards
2026-10-05 18:50:54,829 [INFO] UtilMem:75 - End LoadConfig() Used Memory: 169021184 Bytes (283115520)
2026-10-05 18:50:54,912 [WARN] ThirdParty:836 - waiting for thirdparty lock release [change project]
2026-10-05 18:50:54,912 [INFO] ThirdParty:838 - entering critical section [change project]
2026-10-05 18:50:54,912 [INFO] ThirdParty:1033 - CMSIS Pack Vendor :STMicroelectronics X-CUBE-AZRTOS-H7 3.5.0
2026-10-05 18:50:54,912 [INFO] ThirdParty:1033 - CMSIS Pack Vendor :STMicroelectronics X-CUBE-PM33A1 1.0.0
2026-10-05 18:50:54,912 [INFO] ThirdParty:1033 - CMSIS Pack Vendor :STMicroelectronics USBPD 4.1
2026-10-05 18:50:54,912 [INFO] ThirdParty:1033 - CMSIS Pack Vendor :STMicroelectronics X-CUBE-NFC9 1.0.0
2026-10-05 18:50:54,913 [INFO] ThirdParty:1033 - CMSIS Pack Vendor :STMicroelectronics USB_HOST 2.0.0
2026-10-05 18:50:54,913 [INFO] ThirdParty:1033 - CMSIS Pack Vendor :STMicroelectronics FP-ATR-ASTRA1 2.0.3
2026-10-05 18:50:54,913 [INFO] ThirdParty:1033 - CMSIS Pack Vendor :STMicroelectronics X-CUBE-AZRTOS-F4 1.1.0
2026-10-05 18:50:54,913 [INFO] ThirdParty:1033 - CMSIS Pack Vendor :STMicroelectronics LIBJPEG 8.0.0
2026-10-05 18:50:54,913 [INFO] ThirdParty:1033 - CMSIS Pack Vendor :STMicroelectronics X-CUBE-BLE1 7.1.0
2026-10-05 18:50:54,913 [INFO] ThirdParty:1033 - CMSIS Pack Vendor :STMicroelectronics X-CUBE-SMBUS 2.1.1
2026-10-05 18:50:54,913 [INFO] ThirdParty:1033 - CMSIS Pack Vendor :wolfSSL I-CUBE-wolfMQTT 1.19.2
2026-10-05 18:50:54,913 [INFO] ThirdParty:1033 - CMSIS Pack Vendor :STMicroelectronics USB_DEVICE 3.0.0
2026-10-05 18:50:54,913 [INFO] ThirdParty:1033 - CMSIS Pack Vendor :STMicroelectronics X-CUBE-ISPU 2.1.0
2026-10-05 18:50:54,913 [INFO] ThirdParty:1033 - CMSIS Pack Vendor :STMicroelectronics X-CUBE-EEPRMA1 5.2.0
2026-10-05 18:50:54,913 [INFO] ThirdParty:1033 - CMSIS Pack Vendor :STMicroelectronics X-CUBE-IPS 3.2.0
2026-10-05 18:50:54,913 [INFO] ThirdParty:1033 - CMSIS Pack Vendor :STMicroelectronics eDS-WB_DPC_TT-BIDIR 2.1.1
2026-10-05 18:50:54,913 [INFO] ThirdParty:1033 - CMSIS Pack Vendor :STMicroelectronics X-CUBE-AZRTOS-WB 2.0.0
2026-10-05 18:50:54,913 [INFO] ThirdParty:1033 - CMSIS Pack Vendor :STMicroelectronics X-CUBE-NFC12 1.0.0
2026-10-05 18:50:54,913 [INFO] ThirdParty:1033 - CMSIS Pack Vendor :STMicroelectronics X-CUBE-AZRTOS-F7 1.1.0
2026-10-05 18:50:54,913 [INFO] ThirdParty:1033 - CMSIS Pack Vendor :STMicroelectronics X-CUBE-AZRTOS-L5 2.0.0
2026-10-05 18:50:54,913 [INFO] ThirdParty:1033 - CMSIS Pack Vendor :STMicroelectronics USB_DEVICE 2.0.0
2026-10-05 18:50:54,913 [INFO] ThirdParty:1033 - CMSIS Pack Vendor :STMicroelectronics X-CUBE-FREERTOS 1.6.0
2026-10-05 18:50:54,913 [INFO] ThirdParty:1033 - CMSIS Pack Vendor :quantropi X-CUBE-qispace-sdk-base 2.1.0
2026-10-05 18:50:54,913 [INFO] ThirdParty:1033 - CMSIS Pack Vendor :STMicroelectronics X-CUBE-STSE01 2.0.0
2026-10-05 18:50:54,913 [INFO] ThirdParty:1033 - CMSIS Pack Vendor :STMicroelectronics X-CUBE-ALGOBUILD 1.5.0
2026-10-05 18:50:54,913 [INFO] ThirdParty:1033 - CMSIS Pack Vendor :STMicroelectronics FP-SNS-MOTENV1 5.1.0
2026-10-05 18:50:54,913 [INFO] ThirdParty:1033 - CMSIS Pack Vendor :STMicroelectronics FreeRTOS 0.0.1
2026-10-05 18:50:54,913 [INFO] ThirdParty:1033 - CMSIS Pack Vendor :STMicroelectronics X-CUBE-AZRTOS-H7RS 1.3.0
2026-10-05 18:50:54,913 [INFO] ThirdParty:1033 - CMSIS Pack Vendor :STMicroelectronics X-CUBE-AZRTOS-G0 1.1.0
2026-10-05 18:50:54,913 [INFO] ThirdParty:1033 - CMSIS Pack Vendor :STMicroelectronics X-CUBE-NFC4 3.0.0
2026-10-05 18:50:54,913 [INFO] ThirdParty:1033 - CMSIS Pack Vendor :STMicroelectronics X-CUBE-SUBG2 5.0.0
2026-10-05 18:50:54,913 [INFO] ThirdParty:1033 - CMSIS Pack Vendor :STMicroelectronics STM32_WPAN 1.0.0
2026-10-05 18:50:54,913 [INFO] ThirdParty:1033 - CMSIS Pack Vendor :STMicroelectronics eDS-WB_DPC_VIENNA 1.2.0
2026-10-05 18:50:54,913 [INFO] ThirdParty:1033 - CMSIS Pack Vendor :EmbeddedOffice I-CUBE-FS-RTOS 1.0.1
2026-10-05 18:50:54,913 [INFO] ThirdParty:1033 - CMSIS Pack Vendor :STMicroelectronics lwIP 2.0.3
2026-10-05 18:50:54,913 [INFO] ThirdParty:1033 - CMSIS Pack Vendor :STMicroelectronics X-CUBE-MEMS1 13.0.0
2026-10-05 18:50:54,913 [INFO] ThirdParty:1033 - CMSIS Pack Vendor :STMicroelectronics eDS-WB_DPC_3PH2L-BIDIR 1.1.1
2026-10-05 18:50:54,913 [INFO] ThirdParty:1033 - CMSIS Pack Vendor :STMicroelectronics USB_HOST 1.0.0
2026-10-05 18:50:54,913 [INFO] ThirdParty:1033 - CMSIS Pack Vendor :STMicroelectronics X-CUBE-AZRTOS-G4 2.0.0
2026-10-05 18:50:54,913 [INFO] ThirdParty:1033 - CMSIS Pack Vendor :STMicroelectronics PDM2PCM 3.1.0
2026-10-05 18:50:54,913 [INFO] ThirdParty:1033 - CMSIS Pack Vendor :STMicroelectronics X-CUBE-ST67W61 1.3.0
2026-10-05 18:50:54,913 [INFO] ThirdParty:1033 - CMSIS Pack Vendor :STMicroelectronics PDM2PCM 3.3.0
2026-10-05 18:50:54,913 [INFO] ThirdParty:1033 - CMSIS Pack Vendor :wolfSSL I-CUBE-wolfTPM 3.8.0
2026-10-05 18:50:54,913 [INFO] ThirdParty:1033 - CMSIS Pack Vendor :STMicroelectronics X-CUBE-DISPLAY 3.0.0
2026-10-05 18:50:54,913 [INFO] ThirdParty:1033 - CMSIS Pack Vendor :wolfSSL I-CUBE-wolfSSH 1.4.20
2026-10-05 18:50:54,913 [INFO] ThirdParty:1033 - CMSIS Pack Vendor :STMicroelectronics X-CUBE-NFC7 2.0.0
2026-10-05 18:50:54,913 [INFO] ThirdParty:1033 - CMSIS Pack Vendor :STMicroelectronics X-CUBE-GNSS1 7.1.1
2026-10-05 18:50:54,913 [INFO] ThirdParty:1033 - CMSIS Pack Vendor :STMicroelectronics FP-SNS-MOTENVWB1 1.5.0
2026-10-05 18:50:54,913 [INFO] ThirdParty:1033 - CMSIS Pack Vendor :STMicroelectronics X-CUBE-TCPP 4.2.0
2026-10-05 18:50:54,913 [INFO] ThirdParty:1033 - CMSIS Pack Vendor :RealThread X-CUBE-RT-Thread_Nano 4.1.1
2026-10-05 18:50:54,913 [INFO] ThirdParty:1033 - CMSIS Pack Vendor :STMicroelectronics FP-ATR-SIGFOX1 3.2.0
2026-10-05 18:50:54,913 [INFO] ThirdParty:1033 - CMSIS Pack Vendor :STMicroelectronics X-CUBE-NFC10 1.0.0
2026-10-05 18:50:54,913 [INFO] ThirdParty:1033 - CMSIS Pack Vendor :STMicroelectronics HAL Drivers 0.0.0
2026-10-05 18:50:54,913 [INFO] ThirdParty:1033 - CMSIS Pack Vendor :STMicroelectronics MBEDTLS 2.16.2
2026-10-05 18:50:54,913 [INFO] ThirdParty:1033 - CMSIS Pack Vendor :STMicroelectronics X-CUBE-ST60 1.1.0
2026-10-05 18:50:54,913 [INFO] ThirdParty:1033 - CMSIS Pack Vendor :STMicroelectronics X-CUBE-BLEMGR 4.2.0
2026-10-05 18:50:54,913 [INFO] ThirdParty:1033 - CMSIS Pack Vendor :STMicroelectronics X-CUBE-ALS 1.0.2
2026-10-05 18:50:54,913 [INFO] ThirdParty:1033 - CMSIS Pack Vendor :emotas I-CUBE-CANOPEN 1.3.0
2026-10-05 18:50:54,913 [INFO] ThirdParty:1033 - CMSIS Pack Vendor :STMicroelectronics X-CUBE-WBA 1.1.0
2026-10-05 18:50:54,914 [INFO] ThirdParty:1033 - CMSIS Pack Vendor :STMicroelectronics MBEDTLS 2.14.1
2026-10-05 18:50:54,914 [INFO] ThirdParty:1033 - CMSIS Pack Vendor :wolfSSL I-CUBE-wolfSSL 5.9.4
2026-10-05 18:50:54,914 [INFO] ThirdParty:1033 - CMSIS Pack Vendor :Cesanta I-CUBE-Mongoose 7.23.1
2026-10-05 18:50:54,914 [INFO] ThirdParty:1033 - CMSIS Pack Vendor :ITTIA_DB I-CUBE-ITTIADB 8.9.0
2026-10-05 18:50:54,914 [INFO] ThirdParty:1033 - CMSIS Pack Vendor :STMicroelectronics X-CUBE-TOUCHGFX 4.26.1
2026-10-05 18:50:54,914 [INFO] ThirdParty:1033 - CMSIS Pack Vendor :STMicroelectronics X-CUBE-NFC6 3.2.0
2026-10-05 18:50:54,914 [INFO] ThirdParty:1033 - CMSIS Pack Vendor :STMicroelectronics FP-SNS-STBOX1 2.1.0
2026-10-05 18:50:54,914 [INFO] ThirdParty:1033 - CMSIS Pack Vendor :STMicroelectronics X-CUBE-AI 10.2.1
2026-10-05 18:50:54,914 [INFO] ThirdParty:1033 - CMSIS Pack Vendor :STMicroelectronics ThreadX 1.0.0
2026-10-05 18:50:54,914 [INFO] ThirdParty:1033 - CMSIS Pack Vendor :STMicroelectronics FP-SNS-SMARTAG2 1.2.0
2026-10-05 18:50:54,914 [INFO] ThirdParty:1033 - CMSIS Pack Vendor :STMicroelectronics FP-SNS-FLIGHT1 5.1.0
2026-10-05 18:50:54,914 [INFO] ThirdParty:1033 - CMSIS Pack Vendor :STMicroelectronics X-CUBE-AZRTOS-WL 2.0.0
2026-10-05 18:50:54,914 [INFO] ThirdParty:1033 - CMSIS Pack Vendor :SEGGER I-CUBE-embOS 1.3.1
2026-10-05 18:50:54,914 [INFO] ThirdParty:1033 - CMSIS Pack Vendor :STMicroelectronics X-CUBE-DPower 1.3.0
2026-10-05 18:50:54,914 [INFO] ThirdParty:1033 - CMSIS Pack Vendor :STMicroelectronics USB_DEVICE 1.0.0
2026-10-05 18:50:54,914 [INFO] ThirdParty:1033 - CMSIS Pack Vendor :STMicroelectronics X-CUBE-AZRTOS-L4 2.0.0
2026-10-05 18:50:54,914 [INFO] ThirdParty:1033 - CMSIS Pack Vendor :STMicroelectronics ThreadX 0.0.2
2026-10-05 18:50:54,914 [INFO] ThirdParty:1033 - CMSIS Pack Vendor :STMicroelectronics FP-SNS-STAIOTCFT 2.0.0
2026-10-05 18:50:54,914 [INFO] ThirdParty:1033 - CMSIS Pack Vendor :STMicroelectronics lwIP 2.1.2
2026-10-05 18:50:54,914 [INFO] ThirdParty:1033 - CMSIS Pack Vendor :STMicroelectronics X-CUBE-SFXS2LP1 4.0.0
2026-10-05 18:50:54,914 [INFO] ThirdParty:1033 - CMSIS Pack Vendor :STMicroelectronics X-CUBE-BLE2 3.3.0
2026-10-05 18:50:54,914 [INFO] ThirdParty:1033 - CMSIS Pack Vendor :Avnet-IOTCONNECT X-CUBE-iotc-st67-sdk 1.0.0
2026-10-05 18:50:54,914 [INFO] ThirdParty:1033 - CMSIS Pack Vendor :STMicroelectronics X-CUBE-TOF1 3.4.3
2026-10-05 18:50:54,914 [INFO] ThirdParty:1033 - CMSIS Pack Vendor :Infineon AIROC-Wi-Fi-Bluetooth-STM32 1.8.0
2026-10-05 18:50:54,914 [INFO] ThirdParty:1033 - CMSIS Pack Vendor :STMicroelectronics X-CUBE-NFC13 1.0.0
2026-10-05 18:50:54,914 [INFO] ThirdParty:1033 - CMSIS Pack Vendor :STMicroelectronics PDM2PCM 3.2.0
2026-10-05 18:50:54,914 [INFO] ThirdParty:1033 - CMSIS Pack Vendor :STMicroelectronics X-CUBE-WB05N 2.1.0
2026-10-05 18:50:54,915 [INFO] ThirdParty:844 - exiting critical section [change project]
2026-10-05 18:50:55,156 [INFO] PinOutPanel:1500 - setPackage(No Configuration,No Configuration)
2026-10-05 18:50:55,157 [INFO] PinOutPanel:1500 - setPackage(STM32F103C8Tx,LQFP48)
2026-10-05 18:50:55,537 [INFO] UtilMem:75 - Before build in PCC Used Memory: 167709152 Bytes (289406976)
2026-10-05 18:50:56,069 [INFO] UtilMem:75 - After build in PCC Used Memory: 227192752 Bytes (289406976)
2026-10-05 18:50:56,094 [INFO] IPUIPlugin:83 - create IPUIPlugin
2026-10-05 18:50:56,095 [INFO] IPUIPlugin:83 - create IPUIPlugin
2026-10-05 18:50:56,095 [INFO] IPUIPlugin:83 - create IPUIPlugin
2026-10-05 18:50:56,095 [INFO] IPUIPlugin:83 - create IPUIPlugin
2026-10-05 18:50:56,095 [INFO] IPUIPlugin:83 - create IPUIPlugin
2026-10-05 18:50:56,095 [INFO] IPUIPlugin:83 - create IPUIPlugin
2026-10-05 18:50:56,095 [INFO] IPUIPlugin:83 - create IPUIPlugin
2026-10-05 18:50:56,095 [INFO] IPUIPlugin:83 - create IPUIPlugin
2026-10-05 18:50:56,095 [INFO] IPUIPlugin:83 - create IPUIPlugin
2026-10-05 18:50:56,095 [INFO] IPUIPlugin:83 - create IPUIPlugin
2026-10-05 18:50:56,095 [INFO] IPUIPlugin:83 - create IPUIPlugin
2026-10-05 18:50:56,095 [INFO] IPUIPlugin:83 - create IPUIPlugin
2026-10-05 18:50:56,095 [INFO] IPUIPlugin:83 - create IPUIPlugin
2026-10-05 18:50:56,095 [INFO] IPUIPlugin:83 - create IPUIPlugin
2026-10-05 18:50:56,095 [INFO] IPUIPlugin:83 - create IPUIPlugin
2026-10-05 18:50:56,095 [INFO] IPUIPlugin:83 - create IPUIPlugin
2026-10-05 18:50:56,096 [INFO] IPUIPlugin:83 - create IPUIPlugin
2026-10-05 18:50:56,096 [INFO] IPUIPlugin:83 - create IPUIPlugin
2026-10-05 18:50:56,096 [INFO] IPUIPlugin:83 - create IPUIPlugin
2026-10-05 18:50:56,096 [INFO] IPUIPlugin:83 - create IPUIPlugin
2026-10-05 18:50:56,096 [INFO] IPUIPlugin:83 - create IPUIPlugin
2026-10-05 18:50:56,096 [INFO] IPUIPlugin:83 - create IPUIPlugin
2026-10-05 18:50:56,096 [INFO] IPUIPlugin:83 - create IPUIPlugin
2026-10-05 18:50:56,096 [INFO] IPUIPlugin:83 - create IPUIPlugin
2026-10-05 18:50:56,096 [INFO] IPUIPlugin:83 - create IPUIPlugin
2026-10-05 18:50:56,096 [INFO] IPUIPlugin:83 - create IPUIPlugin
2026-10-05 18:50:56,097 [INFO] IPUIPlugin:83 - create IPUIPlugin
2026-10-05 18:50:56,346 [INFO] ProjectChoiceTab:3888 - New firmware version: STM32Cube FW_F1 V1.8.7 Old firmware version: null
2026-10-05 18:50:56,347 [INFO] ProjectChoiceTab:3898 - H7FWmigrated= false
2026-10-05 18:50:56,354 [INFO] CADModel:153 - CPN selected for project levelSTM32F103C8T6
2026-10-05 18:50:56,354 [INFO] CADModel:102 - Register for checkConnection events
2026-10-05 18:50:56,441 [INFO] OpenFileManager:403 - Restore cursor
2026-10-05 18:50:56,576 [INFO] ProjectChoiceTab:3888 - New firmware version: STM32Cube FW_F1 V1.8.7 Old firmware version: STM32Cube FW_F1 V1.8.7
OK
project path C:/Users/Li/Desktop/Engineering/drone_comm/build/cubemx_probe/ground_f103
2026-10-05 18:50:56,710 [INFO] ProjectChoiceTab:3888 - New firmware version: STM32Cube FW_F1 V1.8.7 Old firmware version: STM32Cube FW_F1 V1.8.7
2026-10-05 18:50:56,722 [INFO] UtilMem:75 - End SaveConfig() Used Memory: 206545632 Bytes (289406976)
2026-10-05 18:50:56,772 [INFO] ProjectChoiceTab:3888 - New firmware version: STM32Cube FW_F1 V1.8.7 Old firmware version: STM32Cube FW_F1 V1.8.7
OK
config saveas C:/Users/Li/Desktop/Engineering/drone_comm/build/cubemx_probe/ground_f103/ground_f103.ioc
2026-10-05 18:50:56,817 [INFO] ProjectChoiceTab:3888 - New firmware version: STM32Cube FW_F1 V1.8.7 Old firmware version: STM32Cube FW_F1 V1.8.7
2026-10-05 18:50:56,837 [INFO] ProjectChoiceTab:3888 - New firmware version: STM32Cube FW_F1 V1.8.7 Old firmware version: STM32Cube FW_F1 V1.8.7
2026-10-05 18:50:56,842 [INFO] UtilMem:75 - End SaveConfig() Used Memory: 226468576 Bytes (289406976)
2026-10-05 18:50:56,867 [INFO] ProjectChoiceTab:3888 - New firmware version: STM32Cube FW_F1 V1.8.7 Old firmware version: STM32Cube FW_F1 V1.8.7
2026-10-05 18:50:56,889 [INFO] UtilMem:75 - End SaveConfig() Used Memory: 239051488 Bytes (289406976)
2026-10-05 18:50:56,941 [INFO] ProjectChoiceTab:3888 - New firmware version: STM32Cube FW_F1 V1.8.7 Old firmware version: STM32Cube FW_F1 V1.8.7
OK
project generate
2026-10-05 18:50:56,971 [INFO] UtilMem:75 - End SaveConfig() Used Memory: 252682976 Bytes (289406976)
2026-10-05 18:50:57,000 [INFO] ProjectChoiceTab:3888 - New firmware version: STM32Cube FW_F1 V1.8.7 Old firmware version: STM32Cube FW_F1 V1.8.7
2026-10-05 18:50:57,272 [INFO] IPsOverviews:2785 - set Specific Code input for plugin: SPI
2026-10-05 18:50:57,272 [INFO] IPsOverviews:2785 - set Specific Code input for plugin: NVIC
2026-10-05 18:50:57,272 [INFO] IPsOverviews:2785 - set Specific Code input for plugin: USART
2026-10-05 18:50:57,272 [INFO] IPsOverviews:2785 - set Specific Code input for plugin: DMA
2026-10-05 18:50:57,272 [INFO] IPsOverviews:2785 - set Specific Code input for plugin: SYS
2026-10-05 18:50:57,272 [INFO] IPsOverviews:2785 - set Specific Code input for plugin: GPIO
2026-10-05 18:50:57,272 [INFO] IPsOverviews:2785 - set Specific Code input for plugin: RCC
2026-10-05 18:50:57,274 [INFO] CodeGenerator:899 - code generatio: config db path: C:\Users\Li\AppData\Local\Programs\STM32CubeMX\\db\
2026-10-05 18:50:57,418 [INFO] CodeEngine:297 - oldGeneratedFile, C:\Users\Li\Desktop\Engineering\drone_comm\build\cubemx_probe\ground_f103\MXTmpFiles\license.tmp_save
2026-10-05 18:50:57,716 [INFO] CodeEngine:321 - Generated code: C:\Users\Li\Desktop\Engineering\drone_comm\build\cubemx_probe\ground_f103\MXTmpFiles\license.tmp
2026-10-05 18:50:57,909 [INFO] CodeEngine:297 - oldGeneratedFile, C:\Users\Li\Desktop\Engineering\drone_comm\build\cubemx_probe\ground_f103\Src\gpio.c_save
2026-10-05 18:50:58,087 [INFO] CodeEngine:321 - Generated code: C:\Users\Li\Desktop\Engineering\drone_comm\build\cubemx_probe\ground_f103\Src\gpio.c
2026-10-05 18:50:58,096 [INFO] CodeEngine:297 - oldGeneratedFile, C:\Users\Li\Desktop\Engineering\drone_comm\build\cubemx_probe\ground_f103\Inc\gpio.h_save
2026-10-05 18:50:58,164 [INFO] CodeEngine:321 - Generated code: C:\Users\Li\Desktop\Engineering\drone_comm\build\cubemx_probe\ground_f103\Inc\gpio.h
2026-10-05 18:50:58,369 [INFO] CodeEngine:297 - oldGeneratedFile, C:\Users\Li\Desktop\Engineering\drone_comm\build\cubemx_probe\ground_f103\Src\dma.c_save
2026-10-05 18:50:58,447 [INFO] CodeEngine:321 - Generated code: C:\Users\Li\Desktop\Engineering\drone_comm\build\cubemx_probe\ground_f103\Src\dma.c
2026-10-05 18:50:58,460 [INFO] CodeEngine:297 - oldGeneratedFile, C:\Users\Li\Desktop\Engineering\drone_comm\build\cubemx_probe\ground_f103\Inc\dma.h_save
2026-10-05 18:50:58,528 [INFO] CodeEngine:321 - Generated code: C:\Users\Li\Desktop\Engineering\drone_comm\build\cubemx_probe\ground_f103\Inc\dma.h
2026-10-05 18:50:58,559 [INFO] CodeEngine:297 - oldGeneratedFile, C:\Users\Li\Desktop\Engineering\drone_comm\build\cubemx_probe\ground_f103\Src\spi.c_save
2026-10-05 18:50:58,687 [INFO] CodeEngine:321 - Generated code: C:\Users\Li\Desktop\Engineering\drone_comm\build\cubemx_probe\ground_f103\Src\spi.c
2026-10-05 18:50:58,699 [INFO] CodeEngine:297 - oldGeneratedFile, C:\Users\Li\Desktop\Engineering\drone_comm\build\cubemx_probe\ground_f103\Inc\spi.h_save
2026-10-05 18:50:58,764 [INFO] CodeEngine:321 - Generated code: C:\Users\Li\Desktop\Engineering\drone_comm\build\cubemx_probe\ground_f103\Inc\spi.h
2026-10-05 18:50:58,797 [INFO] CodeEngine:297 - oldGeneratedFile, C:\Users\Li\Desktop\Engineering\drone_comm\build\cubemx_probe\ground_f103\Src\usart.c_save
2026-10-05 18:50:58,883 [INFO] CodeEngine:321 - Generated code: C:\Users\Li\Desktop\Engineering\drone_comm\build\cubemx_probe\ground_f103\Src\usart.c
2026-10-05 18:50:58,889 [INFO] CodeEngine:297 - oldGeneratedFile, C:\Users\Li\Desktop\Engineering\drone_comm\build\cubemx_probe\ground_f103\Inc\usart.h_save
2026-10-05 18:50:58,938 [INFO] CodeEngine:321 - Generated code: C:\Users\Li\Desktop\Engineering\drone_comm\build\cubemx_probe\ground_f103\Inc\usart.h
2026-10-05 18:50:58,957 [INFO] CodeEngine:297 - oldGeneratedFile, C:\Users\Li\Desktop\Engineering\drone_comm\build\cubemx_probe\ground_f103\Src\stm32f1xx_it.c_save
2026-10-05 18:50:59,020 [INFO] CodeEngine:321 - Generated code: C:\Users\Li\Desktop\Engineering\drone_comm\build\cubemx_probe\ground_f103\Src\stm32f1xx_it.c
2026-10-05 18:50:59,026 [INFO] CodeEngine:297 - oldGeneratedFile, C:\Users\Li\Desktop\Engineering\drone_comm\build\cubemx_probe\ground_f103\Inc\stm32f1xx_it.h_save
2026-10-05 18:50:59,071 [INFO] CodeEngine:321 - Generated code: C:\Users\Li\Desktop\Engineering\drone_comm\build\cubemx_probe\ground_f103\Inc\stm32f1xx_it.h
2026-10-05 18:50:59,093 [INFO] CodeEngine:297 - oldGeneratedFile, C:\Users\Li\Desktop\Engineering\drone_comm\build\cubemx_probe\ground_f103\Src\stm32f1xx_hal_msp.c_save
2026-10-05 18:50:59,159 [INFO] CodeEngine:321 - Generated code: C:\Users\Li\Desktop\Engineering\drone_comm\build\cubemx_probe\ground_f103\Src\stm32f1xx_hal_msp.c
2026-10-05 18:50:59,165 [INFO] CodeEngine:297 - oldGeneratedFile, C:\Users\Li\Desktop\Engineering\drone_comm\build\cubemx_probe\ground_f103\MXTmpFiles\system.tmp_save
2026-10-05 18:50:59,204 [INFO] CodeEngine:321 - Generated code: C:\Users\Li\Desktop\Engineering\drone_comm\build\cubemx_probe\ground_f103\MXTmpFiles\system.tmp
2026-10-05 18:50:59,230 [INFO] CodeEngine:353 - oldGeneratedFile, C:\Users\Li\Desktop\Engineering\drone_comm\build\cubemx_probe\ground_f103\Inc\stm32f1xx_hal_conf.h_save
2026-10-05 18:50:59,278 [INFO] CodeEngine:377 - Generated code: C:\Users\Li\Desktop\Engineering\drone_comm\build\cubemx_probe\ground_f103\Inc\stm32f1xx_hal_conf.h
2026-10-05 18:50:59,310 [INFO] ApiDbMcu:530 - Load IP Config File for SPI1
2026-10-05 18:50:59,313 [INFO] ApiDbMcu:530 - Load IP Config File for USART2
2026-10-05 18:50:59,314 [INFO] ApiDbMcu:530 - Load IP Config File for RCC
2026-10-05 18:50:59,340 [INFO] CodeEngine:297 - oldGeneratedFile, C:\Users\Li\Desktop\Engineering\drone_comm\build\cubemx_probe\ground_f103\Inc\main.h_save
2026-10-05 18:50:59,407 [INFO] CodeEngine:321 - Generated code: C:\Users\Li\Desktop\Engineering\drone_comm\build\cubemx_probe\ground_f103\Inc\main.h
2026-10-05 18:50:59,418 [INFO] CodeEngine:297 - oldGeneratedFile, C:\Users\Li\Desktop\Engineering\drone_comm\build\cubemx_probe\ground_f103\Src\main.c_save
2026-10-05 18:50:59,512 [INFO] CodeEngine:321 - Generated code: C:\Users\Li\Desktop\Engineering\drone_comm\build\cubemx_probe\ground_f103\Src\main.c
2026-10-05 18:50:59,727 [INFO] ProjectBuilder:3738 - Time for Copy HAL[1] : 86mS.
2026-10-05 18:50:59,733 [INFO] ProjectBuilder:5348 - Project Generator version: 4.10.0-B28
2026-10-05 18:50:59,821 [INFO] ConfigFileManager:1614 - The Die is : DIE410
2026-10-05 18:50:59,831 [INFO] ApiDbMcu:530 - Load IP Config File for FATFS
2026-10-05 18:50:59,835 [INFO] ApiDbMcu:530 - Load IP Config File for FREERTOS
2026-10-05 18:50:59,840 [INFO] ApiDbMcu:530 - Load IP Config File for USB_DEVICE
2026-10-05 18:51:00,710 [INFO] ConfigFileManager:3225 - mx.scratch is deleted!
2026-10-05 18:51:00,710 [INFO] ProjectBuilder:5636 - Time for Generating toolchain IDE Files: 978mS.
2026-10-05 18:51:00,711 [INFO] ProjectBuilder:3589 - Time for Copy CMSIS : 1mS.
2026-10-05 18:51:00,712 [INFO] ProjectBuilder:3589 - Time for Copy CMSIS : 0mS.
OK
exit
Bye bye
