log4j user configuration file not found: C:\Users\Li/.stm32cubemx/log4j2.xml
Configure log4j with default settings from jar:file:/C:/Users/Li/AppData/Local/Programs/STM32CubeMX/STM32CubeMX.exe!/log4j/log4j2.stm32cubemx.xml
2026-10-05 18:51:28,100 [INFO] MicroXplorer:98 - [MX] MX Start == 444051367730700
2026-10-05 18:51:28,101 [INFO] MicroXplorer:653 - Detected Java Version = 21.0.10
2026-10-05 18:51:28,102 [INFO] ApplicationProperties:184 - Using Application install path: C:\Users\Li\AppData\Local\Programs\STM32CubeMX
2026-10-05 18:51:28,111 [INFO] DbMcusXml:78 - Set database path to: C:\Users\Li\AppData\Local\Programs\STM32CubeMX\\db\/mcu/
2026-10-05 18:51:28,112 [INFO] ApiDb:274 - Set plugin database path to: C:\Users\Li\AppData\Local\Programs\STM32CubeMX\\db\/plugins/boardmanager/
2026-10-05 18:51:28,112 [WARN] ApiDb:259 - Overriding images path with different value:  => C:\Users\Li\AppData\Local\Programs\STM32CubeMX\\db\/plugins/mcufinder/images/
2026-10-05 18:51:28,115 [INFO] McuFinderGlobals:63 - Set McuFinder mode to 1 (CubeMX integrated)
2026-10-05 18:51:28,123 [INFO] ApiDb:250 - Set database path to: C:\Users\Li\.stmcufinder\plugins\mcufinder//mcu/
2026-10-05 18:51:28,124 [INFO] DbMcusAds:125 - Set database path to: C:\Users\Li\.stmcufinder\plugins\mcufinder//mcu/
2026-10-05 18:51:28,139 [INFO] CrossReferenceDbSqlite:203 - Set database path to: C:\Users\Li\.stmcufinder\plugins\mcufinder//mcu/cs/
2026-10-05 18:51:28,214 [INFO] RulesReader:64 - Compatibility file has been processed (337 Rules)
2026-10-05 18:51:28,239 [INFO] STM32CubeMX:60 - Starting STM32CubeMX
2026-10-05 18:51:28,594 [INFO] MainPanel:275 - HeapMemory: 41943040
2026-10-05 18:51:28,625 [INFO] MainFrame:149 - AppUserModelID : STM32CubeMX.6.18.1-RC2
2026-10-05 18:51:28,788 [INFO] DbMcusXml:78 - Set database path to: C:\Users\Li\AppData\Local\Programs\STM32CubeMX\\db\/mcu/
2026-10-05 18:51:28,788 [INFO] ApiDb:274 - Set plugin database path to: C:\Users\Li\AppData\Local\Programs\STM32CubeMX\\db\/plugins/boardmanager/
2026-10-05 18:51:28,788 [INFO] ApiDb:261 - Set plugin images path to: C:\Users\Li\AppData\Local\Programs\STM32CubeMX\\db\/plugins/mcufinder/images/
2026-10-05 18:51:28,788 [WARN] DbFile:41 - Overriding database path with different value: C:\Users\Li\.stmcufinder\plugins\mcufinder/ => C:\Users\Li\.stmcufinder\plugins\mcufinder
2026-10-05 18:51:28,789 [INFO] ApiDb:250 - Set database path to: C:\Users\Li\.stmcufinder\plugins\mcufinder//mcu/
2026-10-05 18:51:28,789 [WARN] DbFile:41 - Overriding database path with different value: C:\Users\Li\.stmcufinder\plugins\mcufinder/ => C:\Users\Li\.stmcufinder\plugins\mcufinder
2026-10-05 18:51:28,789 [INFO] DbMcusAds:125 - Set database path to: C:\Users\Li\.stmcufinder\plugins\mcufinder//mcu/
2026-10-05 18:51:28,789 [WARN] DbFile:41 - Overriding database path with different value: C:\Users\Li\.stmcufinder\plugins\mcufinder/ => C:\Users\Li\.stmcufinder\plugins\mcufinder
2026-10-05 18:51:28,789 [WARN] DbFile:41 - Overriding database path with different value: C:\Users\Li\.stmcufinder\plugins\mcufinder/ => C:\Users\Li\.stmcufinder\plugins\mcufinder
2026-10-05 18:51:28,789 [INFO] CrossReferenceDbSqlite:203 - Set database path to: C:\Users\Li\.stmcufinder\plugins\mcufinder//mcu/cs/
2026-10-05 18:51:28,805 [INFO] ApplicationProperties:184 - Using Application install path: C:\Users\Li\AppData\Local\Programs\STM32CubeMX
2026-10-05 18:51:28,806 [INFO] PluginManage:196 - Search for loadable plugins [exclusion list=, ]
2026-10-05 18:51:28,807 [INFO] PluginManage:310 - Check plugin analytics
2026-10-05 18:51:29,013 [INFO] AnalyticsPlugin:253 - Accepted Software Licenses: 
2026-10-05 18:51:29,014 [INFO] AnalyticsPlugin:255 - Accepted CMSIS Pack Licenses: 
2026-10-05 18:51:29,014 [INFO] AnalyticsPlugin:257 - Accepted Firmware Licenses: 
2026-10-05 18:51:29,016 [INFO] PluginManage:359 - Loaded plugin analytics (category:tool,tabindex:-1)
2026-10-05 18:51:29,016 [INFO] PluginManage:310 - Check plugin cadmodel
2026-10-05 18:51:29,020 [INFO] CADModel:93 - Init CAD model plugin
2026-10-05 18:51:29,020 [INFO] PluginManage:359 - Loaded plugin cadmodel (category:power,tabindex:5)
2026-10-05 18:51:29,021 [INFO] PluginManage:310 - Check plugin clock
2026-10-05 18:51:29,027 [INFO] PluginManage:359 - Loaded plugin clock (category:base,tabindex:2)
2026-10-05 18:51:29,027 [INFO] PluginManage:310 - Check plugin ddr
2026-10-05 18:51:29,030 [INFO] PluginManage:359 - Loaded plugin ddr (category:tool,tabindex:6)
2026-10-05 18:51:29,030 [INFO] PluginManage:310 - Check plugin filemanager
2026-10-05 18:51:29,128 [INFO] PluginManage:359 - Loaded plugin filemanager (category:base,tabindex:10)
2026-10-05 18:51:29,128 [INFO] PluginManage:310 - Check plugin ipmanager
2026-10-05 18:51:29,134 [INFO] PluginManage:359 - Loaded plugin ipmanager (category:base,tabindex:5)
2026-10-05 18:51:29,134 [INFO] PluginManage:310 - Check plugin lpbam
2026-10-05 18:51:29,140 [INFO] PluginManage:359 - Loaded plugin lpbam (category:base,tabindex:0)
2026-10-05 18:51:29,141 [INFO] PluginManage:310 - Check plugin memorymap
2026-10-05 18:51:29,149 [INFO] PluginManage:359 - Loaded plugin memorymap (category:base,tabindex:4)
2026-10-05 18:51:29,150 [INFO] PluginManage:310 - Check plugin pinoutandconfiguration
2026-10-05 18:51:29,156 [INFO] PluginManage:359 - Loaded plugin pinoutandconfiguration (category:base,tabindex:1)
2026-10-05 18:51:29,156 [INFO] PluginManage:310 - Check plugin pinoutconfig
2026-10-05 18:51:29,214 [WARN] SupportedApi:132 - Cannot load RTOS API schema: s4s-elt-must-match.1: The content of 'definitions' must match (annotation?, (simpleType | complexType)?, (unique | key | keyref)*)). A problem was found starting at: attribute.
2026-10-05 18:51:29,339 [INFO] PluginManage:359 - Loaded plugin pinoutconfig (category:base,tabindex:0)
2026-10-05 18:51:29,340 [INFO] PluginManage:310 - Check plugin power
2026-10-05 18:51:29,345 [INFO] PluginManage:359 - Loaded plugin power (category:power,tabindex:4)
2026-10-05 18:51:29,346 [INFO] PluginManage:310 - Check plugin projectmanager
2026-10-05 18:51:29,391 [INFO] PluginManage:359 - Loaded plugin projectmanager (category:projectmanager,tabindex:4)
2026-10-05 18:51:29,391 [INFO] PluginManage:310 - Check plugin rif
2026-10-05 18:51:29,396 [INFO] PluginManage:359 - Loaded plugin rif (category:base,tabindex:3)
2026-10-05 18:51:29,396 [INFO] PluginManage:310 - Check plugin thirdparty
2026-10-05 18:51:29,488 [INFO] PluginManage:359 - Loaded plugin thirdparty (category:base,tabindex:-1)
2026-10-05 18:51:29,488 [INFO] PluginManage:310 - Check plugin tools
2026-10-05 18:51:29,488 [WARN] IntegrityCheckThread:84 - waiting for thirdparty lock release [integrity check]
2026-10-05 18:51:29,488 [INFO] IntegrityCheckThread:86 - entering critical section [integrity check]
2026-10-05 18:51:29,489 [INFO] ThirdPartyUpdaterWithRetryManager:70 - Updater plugin not ready yet. [1/15]
2026-10-05 18:51:29,490 [INFO] PluginManage:359 - Loaded plugin tools (category:base,tabindex:7)
2026-10-05 18:51:29,491 [INFO] PluginManage:310 - Check plugin tutovideos
2026-10-05 18:51:29,536 [INFO] PluginManage:359 - Loaded plugin tutovideos (category:base,tabindex:-1)
2026-10-05 18:51:29,536 [INFO] PluginManage:310 - Check plugin updater
2026-10-05 18:51:29,557 [INFO] PluginManage:359 - Loaded plugin updater (category:base,tabindex:12)
2026-10-05 18:51:29,557 [INFO] PluginManage:310 - Check plugin usernotification
2026-10-05 18:51:29,563 [INFO] UserNotification:110 - Init UserNotification plugin
2026-10-05 18:51:29,564 [INFO] PluginManage:359 - Loaded plugin usernotification (category:base,tabindex:19)
2026-10-05 18:51:29,564 [INFO] PluginManage:283 - PluginManage : Loaded plugins [18]
2026-10-05 18:51:29,768 [INFO] PinOutPanel:1500 - setPackage(No Configuration,No Configuration)
2026-10-05 18:51:29,833 [INFO] CADModel:153 - CPN selected for project level
2026-10-05 18:51:29,833 [INFO] CADModel:102 - Register for checkConnection events
2026-10-05 18:51:29,843 [INFO] IPUIPlugin:83 - create IPUIPlugin
2026-10-05 18:51:29,844 [INFO] PluginManager:220 - loadIPPluginJar : add adc
2026-10-05 18:51:29,846 [INFO] IPUIPlugin:83 - create IPUIPlugin
2026-10-05 18:51:29,846 [INFO] PluginManager:220 - loadIPPluginJar : add aes
2026-10-05 18:51:29,847 [INFO] IPUIPlugin:83 - create IPUIPlugin
2026-10-05 18:51:29,847 [INFO] PluginManager:220 - loadIPPluginJar : add can
2026-10-05 18:51:29,849 [INFO] IPUIPlugin:83 - create IPUIPlugin
2026-10-05 18:51:29,849 [INFO] PluginManager:220 - loadIPPluginJar : add comp
2026-10-05 18:51:29,850 [INFO] IPUIPlugin:83 - create IPUIPlugin
2026-10-05 18:51:29,850 [INFO] PluginManager:220 - loadIPPluginJar : add cryp
2026-10-05 18:51:29,853 [INFO] IPUIPlugin:83 - create IPUIPlugin
2026-10-05 18:51:29,853 [INFO] PluginManager:220 - loadIPPluginJar : add ddr_ctrl_phy
2026-10-05 18:51:29,855 [INFO] IPUIPlugin:83 - create IPUIPlugin
2026-10-05 18:51:29,855 [INFO] PluginManager:220 - loadIPPluginJar : add dfsdm
2026-10-05 18:51:29,858 [INFO] IPUIPlugin:83 - create IPUIPlugin
2026-10-05 18:51:29,858 [INFO] PluginManager:220 - loadIPPluginJar : add dma
2026-10-05 18:51:29,859 [INFO] IPUIPlugin:83 - create IPUIPlugin
2026-10-05 18:51:29,859 [INFO] PluginManager:220 - loadIPPluginJar : add dma3
2026-10-05 18:51:29,861 [INFO] IPUIPlugin:83 - create IPUIPlugin
2026-10-05 18:51:29,861 [INFO] PluginManager:220 - loadIPPluginJar : add extmemmanager
2026-10-05 18:51:29,862 [INFO] IPUIPlugin:83 - create IPUIPlugin
2026-10-05 18:51:29,862 [INFO] PluginManager:220 - loadIPPluginJar : add fatfs
2026-10-05 18:51:29,864 [INFO] IPUIPlugin:83 - create IPUIPlugin
2026-10-05 18:51:29,864 [INFO] PluginManager:220 - loadIPPluginJar : add fmc
2026-10-05 18:51:29,868 [INFO] IPUIPlugin:83 - create IPUIPlugin
2026-10-05 18:51:29,868 [INFO] PluginManager:220 - loadIPPluginJar : add freertos
2026-10-05 18:51:29,869 [INFO] IPUIPlugin:83 - create IPUIPlugin
2026-10-05 18:51:29,869 [INFO] PluginManager:220 - loadIPPluginJar : add genericplugin
2026-10-05 18:51:29,871 [INFO] IPUIPlugin:83 - create IPUIPlugin
2026-10-05 18:51:29,871 [INFO] PluginManager:220 - loadIPPluginJar : add gfxmmu
2026-10-05 18:51:29,874 [INFO] IPUIPlugin:83 - create IPUIPlugin
2026-10-05 18:51:29,874 [INFO] PluginManager:220 - loadIPPluginJar : add gic
2026-10-05 18:51:29,876 [INFO] IPUIPlugin:83 - create IPUIPlugin
2026-10-05 18:51:29,876 [INFO] PluginManager:220 - loadIPPluginJar : add gpio
2026-10-05 18:51:29,878 [INFO] IPUIPlugin:83 - create IPUIPlugin
2026-10-05 18:51:29,878 [INFO] PluginManager:220 - loadIPPluginJar : add gtzc
2026-10-05 18:51:29,879 [INFO] IPUIPlugin:83 - create IPUIPlugin
2026-10-05 18:51:29,879 [INFO] PluginManager:220 - loadIPPluginJar : add hash
2026-10-05 18:51:29,883 [INFO] IPUIPlugin:83 - create IPUIPlugin
2026-10-05 18:51:29,883 [INFO] PluginManager:220 - loadIPPluginJar : add hsp_engine
2026-10-05 18:51:29,885 [INFO] IPUIPlugin:83 - create IPUIPlugin
2026-10-05 18:51:29,885 [INFO] PluginManager:220 - loadIPPluginJar : add i2c
2026-10-05 18:51:29,886 [INFO] IPUIPlugin:83 - create IPUIPlugin
2026-10-05 18:51:29,886 [INFO] PluginManager:220 - loadIPPluginJar : add i2s
2026-10-05 18:51:29,888 [INFO] IPUIPlugin:83 - create IPUIPlugin
2026-10-05 18:51:29,888 [INFO] PluginManager:220 - loadIPPluginJar : add i3c
2026-10-05 18:51:29,890 [INFO] IPUIPlugin:83 - create IPUIPlugin
2026-10-05 18:51:29,890 [INFO] PluginManager:220 - loadIPPluginJar : add ipddr
2026-10-05 18:51:29,894 [INFO] IPUIPlugin:83 - create IPUIPlugin
2026-10-05 18:51:29,894 [INFO] PluginManager:220 - loadIPPluginJar : add linkedlist
2026-10-05 18:51:29,895 [INFO] IPUIPlugin:83 - create IPUIPlugin
2026-10-05 18:51:29,895 [INFO] PluginManager:220 - loadIPPluginJar : add lorawan
2026-10-05 18:51:29,897 [INFO] IPUIPlugin:83 - create IPUIPlugin
2026-10-05 18:51:29,897 [INFO] PluginManager:220 - loadIPPluginJar : add ltdc
2026-10-05 18:51:29,900 [INFO] IPUIPlugin:83 - create IPUIPlugin
2026-10-05 18:51:29,900 [INFO] PluginManager:220 - loadIPPluginJar : add mdma
2026-10-05 18:51:29,902 [INFO] IPUIPlugin:83 - create IPUIPlugin
2026-10-05 18:51:29,902 [INFO] PluginManager:220 - loadIPPluginJar : add nvic
2026-10-05 18:51:29,903 [INFO] IPUIPlugin:83 - create IPUIPlugin
2026-10-05 18:51:29,903 [INFO] PluginManager:220 - loadIPPluginJar : add opamp
2026-10-05 18:51:29,905 [INFO] IPUIPlugin:83 - create IPUIPlugin
2026-10-05 18:51:29,905 [INFO] PluginManager:220 - loadIPPluginJar : add openamp
2026-10-05 18:51:29,906 [INFO] IPUIPlugin:83 - create IPUIPlugin
2026-10-05 18:51:29,906 [INFO] PluginManager:220 - loadIPPluginJar : add pdm2pcm
2026-10-05 18:51:29,909 [INFO] IPUIPlugin:83 - create IPUIPlugin
2026-10-05 18:51:29,910 [INFO] PluginManager:220 - loadIPPluginJar : add plateformsettings
2026-10-05 18:51:29,911 [INFO] IPUIPlugin:83 - create IPUIPlugin
2026-10-05 18:51:29,912 [INFO] PluginManager:220 - loadIPPluginJar : add quadspi
2026-10-05 18:51:29,913 [INFO] IPUIPlugin:83 - create IPUIPlugin
2026-10-05 18:51:29,914 [INFO] PluginManager:220 - loadIPPluginJar : add radio
2026-10-05 18:51:29,916 [INFO] IPUIPlugin:83 - create IPUIPlugin
2026-10-05 18:51:29,916 [INFO] PluginManager:220 - loadIPPluginJar : add resmgrutility
2026-10-05 18:51:29,918 [INFO] IPUIPlugin:83 - create IPUIPlugin
2026-10-05 18:51:29,919 [INFO] PluginManager:220 - loadIPPluginJar : add sai
2026-10-05 18:51:29,920 [INFO] IPUIPlugin:83 - create IPUIPlugin
2026-10-05 18:51:29,920 [INFO] PluginManager:220 - loadIPPluginJar : add spi
2026-10-05 18:51:29,923 [INFO] IPUIPlugin:83 - create IPUIPlugin
2026-10-05 18:51:29,923 [INFO] PluginManager:220 - loadIPPluginJar : add stm32_wpan
2026-10-05 18:51:29,924 [INFO] IPUIPlugin:83 - create IPUIPlugin
2026-10-05 18:51:29,924 [INFO] PluginManager:220 - loadIPPluginJar : add tim
2026-10-05 18:51:29,926 [INFO] IPUIPlugin:83 - create IPUIPlugin
2026-10-05 18:51:29,926 [INFO] PluginManager:220 - loadIPPluginJar : add touchsensing
2026-10-05 18:51:29,927 [INFO] IPUIPlugin:83 - create IPUIPlugin
2026-10-05 18:51:29,927 [INFO] PluginManager:220 - loadIPPluginJar : add tracer_emb
2026-10-05 18:51:29,928 [INFO] IPUIPlugin:83 - create IPUIPlugin
2026-10-05 18:51:29,928 [INFO] PluginManager:220 - loadIPPluginJar : add ts
2026-10-05 18:51:29,930 [INFO] IPUIPlugin:83 - create IPUIPlugin
2026-10-05 18:51:29,930 [INFO] PluginManager:220 - loadIPPluginJar : add tsc
2026-10-05 18:51:29,931 [INFO] IPUIPlugin:83 - create IPUIPlugin
2026-10-05 18:51:29,931 [INFO] PluginManager:220 - loadIPPluginJar : add ucpd
2026-10-05 18:51:29,932 [INFO] IPUIPlugin:83 - create IPUIPlugin
2026-10-05 18:51:29,932 [INFO] PluginManager:220 - loadIPPluginJar : add usart
2026-10-05 18:51:29,933 [INFO] IPUIPlugin:83 - create IPUIPlugin
2026-10-05 18:51:29,933 [INFO] PluginManager:220 - loadIPPluginJar : add usbx
2026-10-05 18:51:29,950 [INFO] Updater:1136 - Updater Version found : 6.18.1
2026-10-05 18:51:29,960 [INFO] ApplicationProperties:184 - Using Application install path: C:\Users\Li\AppData\Local\Programs\STM32CubeMX
Oct 05, 2026 6:51:31 PM java.util.prefs.WindowsPreferences <init>
WARNING: Could not open/create prefs root node Software\JavaSoft\Prefs at root 0xffffffff80000002. Windows RegCreateKeyEx(...) returned error code 5.
2026-10-05 18:51:31,668 [INFO] MainUpdater:2878 - connection check result : 10
2026-10-05 18:51:31,669 [INFO] MainUpdater:287 - Updater Check For Update Now.
2026-10-05 18:51:31,669 [INFO] MicroXplorer:498 - Change Database Version : DB.6.0.181
2026-10-05 18:51:31,760 [INFO] RulesReader:64 - Compatibility file has been processed (337 Rules)
2026-10-05 18:51:31,773 [INFO] RulesReader:64 - Compatibility file has been processed (337 Rules)
2026-10-05 18:51:31,783 [INFO] CADModel:153 - CPN selected for project level
2026-10-05 18:51:31,783 [INFO] CADModel:102 - Register for checkConnection events
2026-10-05 18:51:31,880 [INFO] CheckServerUpdateThread:120 - End of CheckServer Thread
2026-10-05 18:51:32,041 [INFO] CADModel:153 - CPN selected for project level
2026-10-05 18:51:32,041 [INFO] CADModel:102 - Register for checkConnection events
2026-10-05 18:51:32,108 [INFO] HomeAdPanel:117 - Auto-refresh data requested => check proxy status ongoing
2026-10-05 18:51:32,499 [WARN] MainUpdater:1211 - Updater busy. Cannot search thirdparties
2026-10-05 18:51:32,500 [INFO] ThirdPartyUpdaterWithRetryManager:96 - Updater plugin is busy. [1/15]
2026-10-05 18:51:32,517 [INFO] ServerAccessManage:452 - Complete download http(s) 200
2026-10-05 18:51:32,517 [INFO] ServerAccessManage:509 - Download File 
2026-10-05 18:51:32,520 [INFO] LoadUrlFilesThread:185 - End of LoadServerUrlFiles without Thread
2026-10-05 18:51:32,522 [INFO] DbMcusAds:53 - JSON generation date=Tue Sep 22 20:25:15 CST 2026 (1790079915856)
2026-10-05 18:51:32,524 [INFO] LoadUrlFilesThread:185 - End of LoadServerUrlFiles without Thread
2026-10-05 18:51:32,524 [INFO] HomeAdPanel:128 - Refresh advertisement image is successful
2026-10-05 18:51:32,560 [INFO] LoadUrlFilesThread:185 - End of LoadServerUrlFiles without Thread
2026-10-05 18:51:32,570 [INFO] DetailPanel:341 - Set advertising image to C:/Users/Li/STM32Cube/Repository/\en.banner-sidekick.jpg
2026-10-05 18:51:32,698 [INFO] LoadUrlFilesThread:185 - End of LoadServerUrlFiles without Thread
2026-10-05 18:51:32,789 [INFO] LoadUrlFilesThread:185 - End of LoadServerUrlFiles without Thread
2026-10-05 18:51:32,789 [INFO] DetailPanel:341 - Set advertising image to C:/Users/Li/STM32Cube/Repository/\en.banner-sidekick.jpg
2026-10-05 18:51:32,814 [INFO] ServerAccessManage:452 - Complete download http(s) 200
2026-10-05 18:51:32,814 [INFO] ServerAccessManage:509 - Download File 
2026-10-05 18:51:32,816 [INFO] LoadUrlFilesThread:185 - End of LoadServerUrlFiles without Thread
2026-10-05 18:51:32,816 [INFO] ComparatorMD5DB:85 - Refresh file md5.xml
2026-10-05 18:51:33,033 [INFO] ComparatorMD5DB:195 - calculate Md5 of cube-finder-db is: b4523348182b5def03108df842ca7524
2026-10-05 18:51:33,033 [INFO] MenuBar:659 - event EventGuiNewCubeFinderDb, new= SHOW
2026-10-05 18:51:33,119 [INFO] MainFrame:215 - [MX] HOME_PANEL == 444056390670200
2026-10-05 18:51:33,123 [INFO] MainFrame:590 - Register for checkConnection events
2026-10-05 18:51:33,123 [INFO] FastPollingNetworkMonitor:182 - Apply proxy settings
2026-10-05 18:51:33,124 [INFO] FastPollingNetworkMonitor:201 - Direct internet connection detected
config load C:/Users/Li/Desktop/Engineering/drone_comm/build/cubemx_probe/ground_f407/ground_f407.ioc
2026-10-05 18:51:33,129 [INFO] FastPollingNetworkMonitor:158 - Register for checkConnection events
2026-10-05 18:51:33,177 [INFO] MicroXplorer:468 - Change Database Path : 
2026-10-05 18:51:33,177 [INFO] MicroXplorer:498 - Change Database Version : DB.6.0.181
2026-10-05 18:51:33,185 [WARN] ThirdParty:874 - waiting for thirdparty lock release [close project]
2026-10-05 18:51:35,683 [WARN] PackLoader:240 - Cannot read IP mode file for STMicroelectronics.X-CUBE-AZRTOS-H7.3.5.0
2026-10-05 18:51:35,700 [WARN] PackLoader:240 - Cannot read IP mode file for STMicroelectronics.FP-ATR-ASTRA1.2.0.3
2026-10-05 18:51:35,718 [WARN] PackLoader:240 - Cannot read IP mode file for STMicroelectronics.X-CUBE-SMBUS.2.1.1
2026-10-05 18:51:35,733 [WARN] PackLoader:240 - Cannot read IP mode file for STMicroelectronics.X-CUBE-AZRTOS-F7.1.1.0
2026-10-05 18:51:35,744 [WARN] PackLoader:240 - Cannot read IP mode file for STMicroelectronics.X-CUBE-FREERTOS.1.6.0
2026-10-05 18:51:35,748 [WARN] PackLoader:240 - Cannot read IP mode file for STMicroelectronics.FP-SNS-MOTENV1.5.1.0
2026-10-05 18:51:35,769 [WARN] PackLoader:240 - Cannot read IP mode file for STMicroelectronics.X-CUBE-AZRTOS-H7RS.1.3.0
2026-10-05 18:51:35,778 [WARN] PackLoader:240 - Cannot read IP mode file for STMicroelectronics.X-CUBE-DISPLAY.3.0.0
2026-10-05 18:51:35,790 [WARN] PackLoader:240 - Cannot read IP mode file for STMicroelectronics.X-CUBE-GNSS1.7.1.1
2026-10-05 18:51:35,795 [WARN] PackLoader:240 - Cannot read IP mode file for STMicroelectronics.FP-SNS-MOTENVWB1.1.5.0
2026-10-05 18:51:35,801 [WARN] PackLoader:240 - Cannot read IP mode file for STMicroelectronics.X-CUBE-NFC10.1.0.0
2026-10-05 18:51:35,807 [WARN] PackLoader:240 - Cannot read IP mode file for STMicroelectronics.X-CUBE-ST60.1.1.0
2026-10-05 18:51:35,812 [WARN] PackLoader:240 - Cannot read IP mode file for emotas.I-CUBE-CANOPEN.1.3.0
2026-10-05 18:51:35,819 [WARN] PackLoader:240 - Cannot read IP mode file for STMicroelectronics.X-CUBE-WBA.1.1.0
2026-10-05 18:51:35,826 [WARN] PackLoader:240 - Cannot read IP mode file for wolfSSL.I-CUBE-wolfSSL.5.9.4
2026-10-05 18:51:35,829 [WARN] PackLoader:240 - Cannot read IP mode file for Cesanta.I-CUBE-Mongoose.7.23.1
2026-10-05 18:51:35,835 [WARN] PackLoader:240 - Cannot read IP mode file for STMicroelectronics.FP-SNS-STBOX1.2.1.0
2026-10-05 18:51:35,840 [WARN] PackLoader:240 - Cannot read IP mode file for STMicroelectronics.FP-SNS-SMARTAG2.1.2.0
2026-10-05 18:51:35,844 [WARN] PackLoader:240 - Cannot read IP mode file for STMicroelectronics.FP-SNS-FLIGHT1.5.1.0
2026-10-05 18:51:35,867 [WARN] PackLoader:240 - Cannot read IP mode file for STMicroelectronics.X-CUBE-AZRTOS-WL.2.0.0
2026-10-05 18:51:35,874 [WARN] PackLoader:240 - Cannot read IP mode file for STMicroelectronics.X-CUBE-BLE2.3.3.0
2026-10-05 18:51:35,909 [WARN] PackLoader:240 - Cannot read IP mode file for Infineon.AIROC-Wi-Fi-Bluetooth-STM32.1.8.0
2026-10-05 18:51:35,918 [WARN] PackLoader:240 - Cannot read IP mode file for STMicroelectronics.X-CUBE-NFC9.1.0.0
2026-10-05 18:51:35,924 [WARN] PackLoader:240 - Cannot read IP mode file for STMicroelectronics.X-CUBE-BLE1.7.1.0
2026-10-05 18:51:35,928 [WARN] PackLoader:240 - Cannot read IP mode file for wolfSSL.I-CUBE-wolfMQTT.1.19.2
2026-10-05 18:51:35,932 [WARN] PackLoader:240 - Cannot read IP mode file for STMicroelectronics.X-CUBE-EEPRMA1.5.2.0
2026-10-05 18:51:35,943 [WARN] PackLoader:240 - Cannot read IP mode file for STMicroelectronics.X-CUBE-AZRTOS-G0.1.1.0
2026-10-05 18:51:35,949 [WARN] PackLoader:240 - Cannot read IP mode file for STMicroelectronics.X-CUBE-NFC4.3.0.0
2026-10-05 18:51:35,957 [WARN] PackLoader:240 - Cannot read IP mode file for EmbeddedOffice.I-CUBE-FS-RTOS.1.0.1
2026-10-05 18:51:35,960 [WARN] PackLoader:240 - Cannot read IP mode file for wolfSSL.I-CUBE-wolfTPM.3.8.0
2026-10-05 18:51:35,964 [WARN] PackLoader:240 - Cannot read IP mode file for STMicroelectronics.X-CUBE-TCPP.4.2.0
2026-10-05 18:51:35,969 [WARN] PackLoader:240 - Cannot read IP mode file for RealThread.X-CUBE-RT-Thread_Nano.4.1.1
2026-10-05 18:51:35,972 [WARN] PackLoader:240 - Cannot read IP mode file for STMicroelectronics.FP-ATR-SIGFOX1.3.2.0
2026-10-05 18:51:35,975 [WARN] PackLoader:240 - Cannot read IP mode file for ITTIA_DB.I-CUBE-ITTIADB.8.9.0
2026-10-05 18:51:35,982 [WARN] PackLoader:240 - Cannot read IP mode file for STMicroelectronics.X-CUBE-NFC6.3.2.0
2026-10-05 18:51:35,987 [WARN] PackLoader:240 - Cannot read IP mode file for STMicroelectronics.X-CUBE-AI.10.2.1
2026-10-05 18:51:36,005 [WARN] PackLoader:240 - Cannot read IP mode file for SEGGER.I-CUBE-embOS.1.3.1
2026-10-05 18:51:36,026 [WARN] PackLoader:240 - Cannot read IP mode file for STMicroelectronics.FP-SNS-STAIOTCFT.2.0.0
2026-10-05 18:51:36,030 [WARN] PackLoader:240 - Cannot read IP mode file for STMicroelectronics.X-CUBE-NFC13.1.0.0
2026-10-05 18:51:36,033 [WARN] PackLoader:240 - Cannot read IP mode file for STMicroelectronics.X-CUBE-PM33A1.1.0.0
2026-10-05 18:51:36,043 [WARN] PackLoader:240 - Cannot read IP mode file for STMicroelectronics.X-CUBE-AZRTOS-F4.1.1.0
2026-10-05 18:51:36,047 [WARN] PackLoader:240 - Cannot read IP mode file for STMicroelectronics.X-CUBE-ISPU.2.1.0
2026-10-05 18:51:36,053 [WARN] PackLoader:240 - Cannot read IP mode file for STMicroelectronics.X-CUBE-IPS.3.2.0
2026-10-05 18:51:36,061 [WARN] PackLoader:240 - Cannot read IP mode file for STMicroelectronics.eDS-WB_DPC_TT-BIDIR.2.1.1
2026-10-05 18:51:36,066 [WARN] PackLoader:240 - Cannot read IP mode file for STMicroelectronics.X-CUBE-NFC12.1.0.0
2026-10-05 18:51:36,073 [WARN] PackLoader:240 - Cannot read IP mode file for STMicroelectronics.X-CUBE-AZRTOS-L5.2.0.0
2026-10-05 18:51:36,080 [WARN] PackLoader:240 - Cannot read IP mode file for STMicroelectronics.X-CUBE-ALGOBUILD.1.5.0
2026-10-05 18:51:36,082 [WARN] PackLoader:240 - Cannot read IP mode file for STMicroelectronics.eDS-WB_DPC_VIENNA.1.2.0
2026-10-05 18:51:36,102 [WARN] PackLoader:240 - Cannot read IP mode file for STMicroelectronics.X-CUBE-MEMS1.13.0.0
2026-10-05 18:51:36,168 [WARN] PackLoader:240 - Cannot read IP mode file for STMicroelectronics.eDS-WB_DPC_3PH2L-BIDIR.1.1.1
2026-10-05 18:51:36,173 [WARN] PackLoader:240 - Cannot read IP mode file for STMicroelectronics.X-CUBE-ST67W61.1.3.0
2026-10-05 18:51:36,181 [WARN] PackLoader:240 - Cannot read IP mode file for STMicroelectronics.X-CUBE-TOUCHGFX.4.26.1
2026-10-05 18:51:36,185 [WARN] PackLoader:240 - Cannot read IP mode file for STMicroelectronics.X-CUBE-DPower.1.3.0
2026-10-05 18:51:36,195 [WARN] ConditionMgr:438 - getConditionDescription Invalid condition id : LAN8742 Phy interface Condition cause : null
2026-10-05 18:51:36,195 [WARN] PackLoader:240 - Cannot read IP mode file for STMicroelectronics.X-CUBE-AZRTOS-L4.2.0.0
2026-10-05 18:51:36,196 [WARN] ConditionMgr:1044 - genDependencies : Invalid condition id : LAN8742 Phy interface Condition cause : null
2026-10-05 18:51:36,196 [WARN] ConditionMgr:1044 - genDependencies : Invalid condition id : LAN8742 Phy interface Condition cause : null
2026-10-05 18:51:36,197 [WARN] ConditionMgr:1044 - genDependencies : Invalid condition id : LAN8742 Phy interface Condition cause : null
2026-10-05 18:51:36,202 [WARN] PackLoader:240 - Cannot read IP mode file for STMicroelectronics.X-CUBE-SFXS2LP1.4.0.0
2026-10-05 18:51:36,207 [WARN] PackLoader:240 - Cannot read IP mode file for STMicroelectronics.X-CUBE-WB05N.2.1.0
2026-10-05 18:51:36,215 [WARN] ConditionMgr:438 - getConditionDescription Invalid condition id : UX DEVICE CLASS RTOS Condition cause : null
2026-10-05 18:51:36,216 [WARN] ConditionMgr:438 - getConditionDescription Invalid condition id : UX DEVICE CLASS RTOS Condition cause : null
2026-10-05 18:51:36,217 [WARN] PackLoader:240 - Cannot read IP mode file for STMicroelectronics.X-CUBE-AZRTOS-WB.2.0.0
2026-10-05 18:51:36,217 [WARN] ConditionMgr:1044 - genDependencies : Invalid condition id : UX DEVICE CLASS RTOS Condition cause : null
2026-10-05 18:51:36,218 [WARN] ConditionMgr:1044 - genDependencies : Invalid condition id : UX DEVICE CLASS RTOS Condition cause : null
2026-10-05 18:51:36,218 [WARN] ConditionMgr:1044 - genDependencies : Invalid condition id : UX DEVICE CLASS RTOS Condition cause : null
2026-10-05 18:51:36,218 [WARN] ConditionMgr:1044 - genDependencies : Invalid condition id : UX DEVICE CLASS RTOS Condition cause : null
2026-10-05 18:51:36,218 [WARN] ConditionMgr:1044 - genDependencies : Invalid condition id : UX DEVICE CLASS RTOS Condition cause : null
2026-10-05 18:51:36,222 [WARN] ConditionMgr:438 - getConditionDescription Invalid condition id : Cortex-A Device cause : null
2026-10-05 18:51:36,227 [WARN] ConditionMgr:1044 - genDependencies : Invalid condition id : Cortex-A Device cause : null
2026-10-05 18:51:36,227 [WARN] ConditionMgr:1044 - genDependencies : Invalid condition id : Cortex-A Device cause : null
2026-10-05 18:51:36,227 [WARN] ConditionMgr:1044 - genDependencies : Invalid condition id : Cortex-A Device cause : null
2026-10-05 18:51:36,231 [WARN] PackLoader:240 - Cannot read IP mode file for STMicroelectronics.X-CUBE-STSE01.2.0.0
2026-10-05 18:51:36,239 [WARN] PackLoader:240 - Cannot read IP mode file for STMicroelectronics.X-CUBE-SUBG2.5.0.0
2026-10-05 18:51:36,252 [WARN] PackLoader:240 - Cannot read IP mode file for STMicroelectronics.X-CUBE-AZRTOS-G4.2.0.0
2026-10-05 18:51:36,258 [WARN] PackLoader:240 - Cannot read IP mode file for wolfSSL.I-CUBE-wolfSSH.1.4.20
2026-10-05 18:51:36,262 [WARN] PackLoader:240 - Cannot read IP mode file for STMicroelectronics.X-CUBE-NFC7.2.0.0
2026-10-05 18:51:36,268 [WARN] PackLoader:240 - Cannot read IP mode file for STMicroelectronics.X-CUBE-BLEMGR.4.2.0
2026-10-05 18:51:36,278 [WARN] PackLoader:240 - Cannot read IP mode file for STMicroelectronics.X-CUBE-ALS.1.0.2
2026-10-05 18:51:36,288 [WARN] PackLoader:240 - Cannot read IP mode file for STMicroelectronics.X-CUBE-TOF1.3.4.3
2026-10-05 18:51:36,300 [INFO] ThirdParty:981 - Integrity check success = true
2026-10-05 18:51:36,300 [INFO] IntegrityCheckThread:100 - exiting critical section [integrity check]
2026-10-05 18:51:36,300 [INFO] IntegrityCheckThread:103 - End integrity checks thread
2026-10-05 18:51:36,300 [INFO] ThirdParty:876 - entering critical section [close project]
2026-10-05 18:51:36,302 [INFO] ThirdParty:886 - exiting critical section [close project]
2026-10-05 18:51:36,307 [INFO] PinOutPanel:1500 - setPackage(No Configuration,No Configuration)
2026-10-05 18:51:36,328 [INFO] UtilMem:75 - Begin LoadConfig() Used Memory: 162935288 Bytes (203423744)
2026-10-05 18:51:36,331 [INFO] MicroXplorer:468 - Change Database Path : 
2026-10-05 18:51:36,331 [INFO] MicroXplorer:498 - Change Database Version : DB.6.0.181
2026-10-05 18:51:36,332 [INFO] OpenFileManager:370 - Change cursor
2026-10-05 18:51:36,374 [INFO] Mcu:2036 - Initializing MCU STM32F407Z(E-G)Tx STM32F407ZGTx STM32F407ZGT6
2026-10-05 18:51:38,574 [INFO] Context:734 - Trying to add GPIOservice into a context  which must be forbidden
2026-10-05 18:51:38,986 [INFO] ImportTextPane:234 - (OptionalMessage_ERROR) Pin11 (VP_RIF_VS_RIF1) cannot be retrieved for this MCU
2026-10-05 18:51:39,115 [INFO] RtosManager:552 - Registered RTOS mode: class=CMSIS, group=RTOS, mode=CMSIS_V1, owner=FREERTOS
2026-10-05 18:51:39,115 [INFO] RtosManager:552 - Registered RTOS mode: class=CMSIS, group=RTOS2, mode=CMSIS_V2, owner=FREERTOS
2026-10-05 18:51:39,115 [INFO] RtosManager:552 - Registered RTOS mode: class=RTOS, group=Core, mode=CMSIS_V1, owner=FREERTOS
2026-10-05 18:51:39,115 [INFO] RtosManager:552 - Registered RTOS mode: class=RTOS, group=Core, mode=CMSIS_V2, owner=FREERTOS
2026-10-05 18:51:39,115 [WARN] ModelIntegratedComponent:184 - Missing modes for component STMicroelectronics:FreeRTOS:0.0.1:STMicroelectronics:RTOS:FreeRTOS:Core:::10.2.0:
2026-10-05 18:51:39,182 [WARN] ModelIntegratedComponent:63 - No mode defined for component null
2026-10-05 18:51:39,182 [WARN] ModelIntegratedComponent:63 - No mode defined for component null
2026-10-05 18:51:39,182 [WARN] ModelIntegratedComponent:63 - No mode defined for component null
2026-10-05 18:51:39,182 [WARN] ModelIntegratedComponent:63 - No mode defined for component null
2026-10-05 18:51:39,182 [WARN] ModelIntegratedComponent:63 - No mode defined for component null
2026-10-05 18:51:39,182 [WARN] ModelIntegratedComponent:63 - No mode defined for component null
2026-10-05 18:51:39,182 [WARN] ModelIntegratedComponent:63 - No mode defined for component null
2026-10-05 18:51:39,182 [WARN] ModelIntegratedComponent:63 - No mode defined for component null
2026-10-05 18:51:39,183 [WARN] ModelIntegratedComponent:63 - No mode defined for component null
2026-10-05 18:51:39,183 [WARN] ModelIntegratedComponent:63 - No mode defined for component null
2026-10-05 18:51:39,183 [WARN] ModelIntegratedComponent:63 - No mode defined for component null
2026-10-05 18:51:39,183 [WARN] ModelIntegratedComponent:63 - No mode defined for component null
2026-10-05 18:51:39,183 [WARN] ModelIntegratedComponent:63 - No mode defined for component null
2026-10-05 18:51:39,183 [WARN] ModelIntegratedComponent:63 - No mode defined for component null
2026-10-05 18:51:39,183 [WARN] ModelIntegratedComponent:63 - No mode defined for component null
2026-10-05 18:51:39,183 [WARN] ModelIntegratedComponent:63 - No mode defined for component null
2026-10-05 18:51:39,183 [WARN] ModelIntegratedComponent:63 - No mode defined for component null
2026-10-05 18:51:39,183 [WARN] ModelIntegratedComponent:63 - No mode defined for component null
2026-10-05 18:51:39,183 [WARN] ModelIntegratedComponent:63 - No mode defined for component null
2026-10-05 18:51:39,183 [WARN] ModelIntegratedComponent:63 - No mode defined for component null
2026-10-05 18:51:39,183 [WARN] ModelIntegratedComponent:63 - No mode defined for component null
2026-10-05 18:51:39,183 [WARN] ModelIntegratedComponent:63 - No mode defined for component null
2026-10-05 18:51:39,183 [WARN] ModelIntegratedComponent:63 - No mode defined for component null
2026-10-05 18:51:39,183 [WARN] ModelIntegratedComponent:63 - No mode defined for component null
2026-10-05 18:51:39,183 [WARN] ModelIntegratedComponent:63 - No mode defined for component null
2026-10-05 18:51:39,183 [WARN] ModelIntegratedComponent:63 - No mode defined for component null
2026-10-05 18:51:39,183 [WARN] ModelIntegratedComponent:63 - No mode defined for component null
2026-10-05 18:51:39,183 [WARN] ModelIntegratedComponent:63 - No mode defined for component null
2026-10-05 18:51:39,183 [WARN] ModelIntegratedComponent:63 - No mode defined for component null
2026-10-05 18:51:39,183 [WARN] ModelIntegratedComponent:63 - No mode defined for component null
2026-10-05 18:51:39,183 [WARN] ModelIntegratedComponent:63 - No mode defined for component null
2026-10-05 18:51:39,183 [WARN] ModelIntegratedComponent:63 - No mode defined for component null
2026-10-05 18:51:39,183 [WARN] ModelIntegratedComponent:63 - No mode defined for component null
2026-10-05 18:51:39,183 [WARN] ModelIntegratedComponent:63 - No mode defined for component null
2026-10-05 18:51:39,183 [WARN] ModelIntegratedComponent:63 - No mode defined for component null
2026-10-05 18:51:39,183 [WARN] ModelPack:524 - Component already loaded: STMicroelectronics:HAL Drivers:0.0.0:STMicroelectronics:Device:STMicro_Driver:XSPI:HAL::0.0.1:HAL_XSPI
2026-10-05 18:51:39,207 [INFO] ThirdPartyModel:298 - Start build external matchings
2026-10-05 18:51:39,452 [INFO] ThirdPartyModel:316 - End build external matchings
2026-10-05 18:51:39,474 [INFO] ImportTextPane:234 - (OptionalMessage_ERROR) IP (DMA) : Parameter (Instance) has Id (USART3_RX) currently not set
2026-10-05 18:51:39,474 [INFO] ImportTextPane:234 - (OptionalMessage_ERROR) IP (DMA) : Parameter (Channel) has Id (USART3_RX) currently not set
2026-10-05 18:51:39,474 [INFO] ImportTextPane:234 - (OptionalMessage_ERROR) IP (DMA) : Parameter (Direction) has Id (USART3_RX) currently not set
2026-10-05 18:51:39,474 [INFO] ImportTextPane:234 - (OptionalMessage_ERROR) IP (DMA) : Parameter (PeriphInc) has Id (USART3_RX) currently not set
2026-10-05 18:51:39,474 [INFO] ImportTextPane:234 - (OptionalMessage_ERROR) IP (DMA) : Parameter (MemInc) has Id (USART3_RX) currently not set
2026-10-05 18:51:39,474 [INFO] ImportTextPane:234 - (OptionalMessage_ERROR) IP (DMA) : Parameter (PeriphDataAlignment) has Id (USART3_RX) currently not set
2026-10-05 18:51:39,475 [INFO] ImportTextPane:234 - (OptionalMessage_ERROR) IP (DMA) : Parameter (MemDataAlignment) has Id (USART3_RX) currently not set
2026-10-05 18:51:39,475 [INFO] ImportTextPane:234 - (OptionalMessage_ERROR) IP (DMA) : Parameter (Mode) has Id (USART3_RX) currently not set
2026-10-05 18:51:39,475 [INFO] ImportTextPane:234 - (OptionalMessage_ERROR) IP (DMA) : Parameter (Priority) has Id (USART3_RX) currently not set
2026-10-05 18:51:39,475 [INFO] ImportTextPane:234 - (OptionalMessage_ERROR) IP (DMA) : Parameter (FIFOMode) has Id (USART3_RX) currently not set
2026-10-05 18:51:39,475 [INFO] ImportTextPane:234 - (OptionalMessage_ERROR) IP (DMA) : Parameter (Instance) has Id (USART6_RX) currently not set
2026-10-05 18:51:39,475 [INFO] ImportTextPane:234 - (OptionalMessage_ERROR) IP (DMA) : Parameter (Channel) has Id (USART6_RX) currently not set
2026-10-05 18:51:39,475 [INFO] ImportTextPane:234 - (OptionalMessage_ERROR) IP (DMA) : Parameter (Direction) has Id (USART6_RX) currently not set
2026-10-05 18:51:39,476 [INFO] ImportTextPane:234 - (OptionalMessage_ERROR) IP (DMA) : Parameter (PeriphInc) has Id (USART6_RX) currently not set
2026-10-05 18:51:39,476 [INFO] ImportTextPane:234 - (OptionalMessage_ERROR) IP (DMA) : Parameter (MemInc) has Id (USART6_RX) currently not set
2026-10-05 18:51:39,476 [INFO] ImportTextPane:234 - (OptionalMessage_ERROR) IP (DMA) : Parameter (PeriphDataAlignment) has Id (USART6_RX) currently not set
2026-10-05 18:51:39,476 [INFO] ImportTextPane:234 - (OptionalMessage_ERROR) IP (DMA) : Parameter (MemDataAlignment) has Id (USART6_RX) currently not set
2026-10-05 18:51:39,476 [INFO] ImportTextPane:234 - (OptionalMessage_ERROR) IP (DMA) : Parameter (Mode) has Id (USART6_RX) currently not set
2026-10-05 18:51:39,476 [INFO] ImportTextPane:234 - (OptionalMessage_ERROR) IP (DMA) : Parameter (Priority) has Id (USART6_RX) currently not set
2026-10-05 18:51:39,476 [INFO] ImportTextPane:234 - (OptionalMessage_ERROR) IP (DMA) : Parameter (FIFOMode) has Id (USART6_RX) currently not set
2026-10-05 18:51:39,478 [INFO] ImportTextPane:234 - (OptionalMessage_ERROR) IP (RCC) : Parameter (RTCHSEDivFreq_Value) has invalid value (12500000)
2026-10-05 18:51:39,989 [INFO] ApiDb:581 - Connected to CubeFinder SQLite database (C:\Users\Li\.stmcufinder\plugins\mcufinder\mcu\cube-finder-db.db)
2026-10-05 18:51:40,098 [INFO] ApiDb:668 - CubeFinder database Data Model version=2.1
2026-10-05 18:51:40,098 [INFO] ApiDb:669 - CubeFinder database Configuration version=3.0.42
2026-10-05 18:51:40,098 [INFO] ApiDb:670 - CubeFinder database generation date=2026-06-23 (1782213372)
2026-10-05 18:51:40,098 [INFO] ApiDb:671 - CubeFinder database FW Pack versions=[FP-ATR-ASTRA1_V2.0.0, FP-SNS-FLIGHT1_V5.1.0, FP-SNS-MOTENV1_V5.1.0, FP-SNS-MOTENVWB1_V1.5.0, FP-SNS-SMARTAG2_V1.2.0, FP-SNS-STBOX1_V2.1.0, STM32Cube_FW_C0_V1.4.0, STM32Cube_FW_F4_V1.28.3, STM32Cube_FW_F7_V1.17.4, STM32Cube_FW_G0_V1.6.3, STM32Cube_FW_G4_V1.6.2, STM32Cube_FW_H5_V1.7.0, STM32Cube_FW_H7RS_V1.3.0, STM32Cube_FW_H7_V1.13.0, STM32Cube_FW_L0_V1.12.2, STM32Cube_FW_L4_V1.18.2, STM32Cube_FW_L5_V1.6.0, STM32Cube_FW_N6_V1.4.0, STM32Cube_FW_U0_V1.3.0, STM32Cube_FW_U3_V1.4.0, STM32Cube_FW_U5_V1.9.0, STM32Cube_FW_WB0_V1.5.0, STM32Cube_FW_WBA_V1.10.0, STM32Cube_FW_WB_V1.24.0, STM32Cube_FW_WL3_V1.5.0, STM32Cube_FW_WL_V1.6.0, X-CUBE-ALGOBUILD_V1.5.0, X-CUBE-ALS_V1.0.2, X-CUBE-AZRTOS-F4_V1.1.0, X-CUBE-AZRTOS-F7_V1.1.0, X-CUBE-AZRTOS-G0_V1.1.0, X-CUBE-AZRTOS-G4_V2.0.0, X-CUBE-AZRTOS-H7RS_V1.1.0, X-CUBE-AZRTOS-H7_V3.5.0, X-CUBE-AZRTOS-L4_V2.0.0, X-CUBE-AZRTOS-L5_V2.0.0, X-CUBE-AZRTOS-WB_V2.0.0, X-CUBE-AZRTOS-WL_V2.0.0, X-CUBE-BLE1_V7.1.0, X-CUBE-BLE2_V3.3.0, X-CUBE-BLEMGR_V4.1.0, X-CUBE-EEPRMA1_V5.2.0, X-CUBE-FREERTOS_V1.5.0, X-CUBE-GNSS1_V7.1.1, X-CUBE-MEMS1_V12.1.0, X-CUBE-NFC4_V3.0.0, X-CUBE-NFC7_V2.0.0, X-CUBE-SFXS2LP1_V4.0.0, X-CUBE-ST67W61_V1.3.0, X-CUBE-SUBG2_V5.0.0, X-CUBE-TOF1_V3.4.3]
2026-10-05 18:51:40,154 [INFO] DbBoardsSqlite:226 - include board P-NUCLEO-WB55-NUCLEO as a kit item of type 'Nucleo-64'
2026-10-05 18:51:40,155 [INFO] DbBoardsSqlite:226 - include board P-NUCLEO-WB55-USBDONGLE as a kit item of type 'Nucleo USB Dongle'
2026-10-05 18:51:40,155 [INFO] DbBoardsSqlite:226 - include board STEVAL-IDP005V1 as a kit item of type 'Evaluation Board'
2026-10-05 18:51:40,155 [INFO] DbBoardsSqlite:226 - include board STEVAL-IDP005V2 as a kit item of type 'Evaluation Board'
2026-10-05 18:51:40,246 [INFO] ApiDb:240 - Found 1237 in-development CPN: [B-G473E-ZEST1S, B-WB1M-WPAN1, B-WBA5M-WPAN, B-WBA6M-WPAN, B-WL5M-SUBG1, NUCLEO-C031C6, NUCLEO-C051C8, NUCLEO-C071RB, NUCLEO-C092RC, NUCLEO-H503RB, NUCLEO-H533RE, NUCLEO-H553ZG, NUCLEO-H563ZI, NUCLEO-H5E5ZJ, NUCLEO-H7S3L8, NUCLEO-U031R8, NUCLEO-U083RC, NUCLEO-U345RC-Q, NUCLEO-U366RE-Q, NUCLEO-U385RG-Q, NUCLEO-U3C5ZI-Q, NUCLEO-U545RE-Q, NUCLEO-U5A5ZJ-Q, NUCLEO-WB05KZ, NUCLEO-WB07CC, NUCLEO-WB09KE, NUCLEO-WBA25CE1, NUCLEO-WBA52CG, NUCLEO-WBA55CG, NUCLEO-WL3RKB1, NUCLEO-WL3RKB2, NUCLEO-WL43RE1, NUCLEO-WL43RE2, STEVAL-PROTEUS1, STEVAL-SMARTAG2, STEVAL-STWINBX1, STM320518-EVAL, STM32C0116-DK, STM32C011D6Y3TR, STM32C011D6Y6TR, STM32C011F4P3, STM32C011F4P6, STM32C011F4U3, STM32C011F4U6TR, STM32C011F6P3, STM32C011F6P6, STM32C011F6U3, STM32C011F6U6TR, STM32C011J4M3, STM32C011J4M6, STM32C011J6M3, STM32C011J6M6, STM32C0316-DK, STM32C031C4T3, STM32C031C4T6, STM32C031C4U3, STM32C031C4U6, STM32C031C6T3, STM32C031C6T6, STM32C031C6U3, STM32C031C6U6, STM32C031F4P3, STM32C031F4P6, STM32C031F6P3, STM32C031F6P6, STM32C031G4U3, STM32C031G4U6, STM32C031G6U3, STM32C031G6U6, STM32C031K4T3, STM32C031K4T6, STM32C031K4U3, STM32C031K4U6, STM32C031K6T3, STM32C031K6T6, STM32C031K6U3, STM32C031K6U6, STM32C051C6T6, STM32C051C6U6, STM32C051C8T6, STM32C051C8U6, STM32C051D8Y6TR, STM32C051F6P6, STM32C051F8P6, STM32C051G6U6, STM32C051G8U6, STM32C051K6T6, STM32C051K6U6, STM32C051K8T6, STM32C071C8T6, STM32C071C8T6N, STM32C071C8U6, STM32C071C8U6N, STM32C071CBT6, STM32C071CBT6N, STM32C071CBU6, STM32C071CBU6N, STM32C071F8P6, STM32C071F8P6N, STM32C071FBP6, STM32C071FBP6N, STM32C071FBY6TR, STM32C071G8U6, STM32C071G8U6N, STM32C071GBU6, STM32C071GBU6N, STM32C071K8T6, STM32C071K8T6N, STM32C071K8U6, STM32C071K8U6N, STM32C071KBT6, STM32C071KBT6N, STM32C071KBU6, STM32C071KBU6N, STM32C071R8T6, STM32C071R8T6N, STM32C071RBI6N, STM32C071RBT6, STM32C071RBT6N, STM32C091CBT6, STM32C091CBU6, STM32C091CCT6, STM32C091CCU6, STM32C091ECY6TR, STM32C091FBP6, STM32C091FCP6, STM32C091GBU6, STM32C091GCU6, STM32C091KBT6, STM32C091KBU6, STM32C091KCT6, STM32C091KCU6, STM32C091RBT6, STM32C091RCI6, STM32C091RCT6, STM32C092CBT6, STM32C092CBU6, STM32C092CCT6, STM32C092CCU6, STM32C092ECY6TR, STM32C092FBP6, STM32C092FCP6, STM32C092GBU6, STM32C092GCU6, STM32C092KBT6, STM32C092KBU6, STM32C092KCT6, STM32C092KCU6, STM32C092RBT6, STM32C092RCI6, STM32C092RCT6, STM32C531CBT6, STM32C531CBU6, STM32C531CCT6, STM32C531CCU6, STM32C531EBU6, STM32C531ECU6, STM32C531FBP6, STM32C531FBU6, STM32C531FCP6, STM32C531FCU6, STM32C531GBU6, STM32C531GCU6, STM32C531KBT6, STM32C531KBU6, STM32C531KCT6, STM32C531KCU6, STM32C531RBT6, STM32C531RCT6, STM32C532CBT6, STM32C532CBU6, STM32C532CCT6, STM32C532CCU6, STM32C532EBU6, STM32C532ECU6, STM32C532FBP6, STM32C532FBU6, STM32C532FCP6, STM32C532FCU6, STM32C532GBU6, STM32C532GCU6, STM32C532KBT6, STM32C532KBU6, STM32C532KCT6, STM32C532KCU6, STM32C532RBT6, STM32C532RCT6, STM32C542CCT6, STM32C542CCU6, STM32C542ECU6, STM32C542FCP6, STM32C542FCU6, STM32C542GCU6, STM32C542KCT6, STM32C542KCU6, STM32C542RCT6, STM32C591CET6, STM32C591CEU6, STM32C591CGT6, STM32C591CGU6, STM32C591KET6, STM32C591KEU6, STM32C591KGT6, STM32C591KGU6, STM32C591MET6, STM32C591MGT6, STM32C591RET6, STM32C591RGT6, STM32C591VET6, STM32C591VGT6, STM32C591ZET6, STM32C591ZGT6, STM32C593CET6, STM32C593CEU6, STM32C593CGT6, STM32C593CGU6, STM32C593KET6, STM32C593KEU6, STM32C593KGT6, STM32C593KGU6, STM32C593MET6, STM32C593MGT6, STM32C593RET6, STM32C593RGT6, STM32C593VET6, STM32C593VGT6, STM32C593ZET6, STM32C593ZGT6, STM32C5A3CGT6, STM32C5A3CGU6, STM32C5A3KGT6, STM32C5A3KGU6, STM32C5A3MGT6, STM32C5A3RGT6, STM32C5A3VGT6, STM32C5A3ZGT6, STM32F723RCV6, STM32F723REV6, STM32G071K8TXN, STM32G071K8UXN, STM32G081GBU6N, STM32G081KBT6N, STM32G081KBUXN, STM32G0B1CCT6N, STM32G0B1KCT6, STM32G0B1NEY6TR, STM32G0B1RCT6N, STM32G0C1CCT6, STM32G0C1CCT6N, STM32G0C1CCU6N, STM32G0C1CET6N, STM32G0C1CEU6N, STM32G0C1KCT6, STM32G0C1NEY6TR, STM32G0C1RCI6N, STM32G0C1RCT6N, STM32G0C1REI6N, STM32G0C1RET6N, STM32G0C1VCI6, STM32G0C1VEI6, STM32G411C6T3, STM32G411C6T6, STM32G411C6U3, STM32G411C6U6, STM32G411C8T3, STM32G411C8T6, STM32G411C8U3, STM32G411C8U6, STM32G411CBT3, STM32G411CBT6, STM32G411CBU3, STM32G411CBU6, STM32G411CCT3, STM32G411CCT6, STM32G411CCU3, STM32G411CCU6, STM32G411K6T3, STM32G411K6T6, STM32G411K6U3, STM32G411K6U6, STM32G411K8T3, STM32G411K8T6, STM32G411K8U3, STM32G411K8U6, STM32G411KBT3, STM32G411KBT6, STM32G411KBU3, STM32G411KBU6, STM32G411M6T3, STM32G411M6T6, STM32G411M8T3, STM32G411M8T6, STM32G411MBT3, STM32G411MBT6, STM32G411MCT3, STM32G411MCT6, STM32G411R6T3, STM32G411R6T6, STM32G411R8T3, STM32G411R8T6, STM32G411RBT3, STM32G411RBT6, STM32G411RCT3, STM32G411RCT6, STM32G414CBT3, STM32G414CBT6, STM32G414CBU3, STM32G414CBU6, STM32G414CCT3, STM32G414CCT6, STM32G414CCU3, STM32G414CCU6, STM32G414MBT3, STM32G414MBT6, STM32G414MCT3, STM32G414MCT6, STM32G414RBT3, STM32G414RBT6, STM32G414RCT3, STM32G414RCT6, STM32G414VBT3, STM32G414VBT6, STM32G414VCT3, STM32G414VCT6, STM32G431CBT3Z, STM32G431RBT3Z, STM32G471CCT6, STM32G471CCU6, STM32G471CET3, STM32G471CET6, STM32G471CEU3, STM32G471CEU6, STM32G471MCT6, STM32G471MET3, STM32G471MET6, STM32G471MEY6TR, STM32G471QCT6, STM32G471QET3, STM32G471RCT6, STM32G471RET3, STM32G471RET6, STM32G471VCH6, STM32G471VCI6, STM32G471VCT6, STM32G471VEH3, STM32G471VEH6, STM32G471VEI3, STM32G471VEI6, STM32G471VET3, STM32G471VET6, STM32G473QET3Z, STM32G473RET3Z, STM32G474CCT6, STM32G491CET3Z, STM32G491RET3Z, STM32H503CBT6, STM32H503CBU6, STM32H503EBY6TR, STM32H503KBU6, STM32H503RBT6, STM32H523CCT6, STM32H523CCU6, STM32H523CET6, STM32H523CEU6, STM32H523HEY6TR, STM32H523RCT6, STM32H523RET6, STM32H523VCI6, STM32H523VCT6, STM32H523VEI6, STM32H523VET6, STM32H523ZCJ6, STM32H523ZCT6, STM32H523ZEJ6, STM32H523ZET6, STM32H533CET6, STM32H533CEU6, STM32H533HEY6TR, STM32H533RET6, STM32H533VEI6, STM32H533VET6, STM32H533ZEJ6, STM32H533ZET6, STM32H543CET6, STM32H543CEU6, STM32H543CGT6, STM32H543CGU6, STM32H543RET6, STM32H543RGT6, STM32H543UGY6TR, STM32H543VEI6, STM32H543VET6, STM32H543VEZ3, STM32H543VGI6, STM32H543VGT6, STM32H543VGZ3, STM32H543ZEJ6, STM32H543ZET6, STM32H543ZEZ3, STM32H543ZGJ6, STM32H543ZGT6, STM32H543ZGZ3, STM32H553CGT6, STM32H553CGU6, STM32H553RGT6, STM32H553UGY6TR, STM32H553VGI6, STM32H553VGT6, STM32H553VGZ3, STM32H553ZGJ6, STM32H553ZGT6, STM32H553ZGZ3, STM32H562AGI6, STM32H562AII6, STM32H562IGK6, STM32H562IGT6, STM32H562IIK6, STM32H562IIT6, STM32H562RGT6, STM32H562RGV6, STM32H562RIT6, STM32H562RIV6, STM32H562VGT6, STM32H562VIT6, STM32H562ZGT6, STM32H562ZIT6, STM32H563AGI6, STM32H563AII3Q, STM32H563AII6, STM32H563IGK6, STM32H563IGT6, STM32H563IIK3Q, STM32H563IIK6, STM32H563IIT3Q, STM32H563IIT6, STM32H563MIY3QTR, STM32H563RGT6, STM32H563RGV6, STM32H563RIT6, STM32H563RIV6, STM32H563VGT6, STM32H563VIT3Q, STM32H563VIT6, STM32H563ZGT6, STM32H563ZIT3Q, STM32H563ZIT6, STM32H573AII3Q, STM32H573AII6, STM32H573I-DK, STM32H573IIK3Q, STM32H573IIK6, STM32H573IIT3Q, STM32H573IIT6, STM32H573MIY3QTR, STM32H573RIT6, STM32H573RIV6, STM32H573VIT3Q, STM32H573VIT6, STM32H573ZIT3Q, STM32H573ZIT6, STM32H5E4AJI6, STM32H5E4AJI7Q, STM32H5E4AKI6, STM32H5E4IJK6, STM32H5E4IJK7Q, STM32H5E4IJT6, STM32H5E4IJT7Q, STM32H5E4IKK6, STM32H5E4IKT6, STM32H5E4VJT6, STM32H5E4VJT7Q, STM32H5E4VKT6, STM32H5E4ZJJ6, STM32H5E4ZJJ7Q, STM32H5E4ZJT6, STM32H5E4ZJT7Q, STM32H5E4ZKJ6, STM32H5E4ZKT6, STM32H5E5IJK7Q, STM32H5E5IJT7Q, STM32H5E5IKK7Q, STM32H5E5IKT7Q, STM32H5E5LJH7Q, STM32H5E5LKH7Q, STM32H5E5VJY7QTR, STM32H5E5VKY7QTR, STM32H5E5ZJT6, STM32H5E5ZKT6, STM32H5F4AJI6, STM32H5F4AJI7Q, STM32H5F4IJK6, STM32H5F4IJK7Q, STM32H5F4IJT6, STM32H5F4IJT7Q, STM32H5F4VJT6, STM32H5F4VJT7Q, STM32H5F4ZJJ6, STM32H5F4ZJJ7Q, STM32H5F4ZJT6, STM32H5F4ZJT7Q, STM32H5F5IJK7Q, STM32H5F5IJT7Q, STM32H5F5J-DK, STM32H5F5LJH7Q, STM32H5F5VJY7QTR, STM32H5F5ZJT6, STM32H7R3A8I6, STM32H7R3I8K6, STM32H7R3I8T6, STM32H7R3L8H6, STM32H7R3L8H6H, STM32H7R3R8V6, STM32H7R3V8H6, STM32H7R3V8T6, STM32H7R3V8Y6TR, STM32H7R3Z8J6, STM32H7R3Z8T6, STM32H7R7A8I6, STM32H7R7I8K6, STM32H7R7I8T6, STM32H7R7L8H6, STM32H7R7L8H6H, STM32H7R7Z8J6, STM32H7S3A8I6, STM32H7S3I8K6, STM32H7S3I8T6, STM32H7S3L8H6, STM32H7S3L8H6H, STM32H7S3R8V6, STM32H7S3V8H6, STM32H7S3V8T6, STM32H7S3V8Y6TR, STM32H7S3Z8J6, STM32H7S3Z8T6, STM32H7S78-DK, STM32H7S7A8I6, STM32H7S7I8K6, STM32H7S7I8T6, STM32H7S7L8H6, STM32H7S7L8H6H, STM32H7S7Z8J6, STM32L4R5QGI6STR, STM32MP131AAE3, STM32MP131AAF3, STM32MP131AAG3, STM32MP131CAE3, STM32MP131CAF3, STM32MP131CAG3, STM32MP131DAE7, STM32MP131DAF7, STM32MP131DAG7, STM32MP131FAE7, STM32MP131FAF7, STM32MP131FAG7, STM32MP133AAE3, STM32MP133AAF3, STM32MP133AAG3, STM32MP133CAE3, STM32MP133CAF3, STM32MP133CAG3, STM32MP133DAE7, STM32MP133DAF7, STM32MP133DAG7, STM32MP133FAE7, STM32MP133FAF7, STM32MP133FAG7, STM32MP135AAE3, STM32MP135AAF3, STM32MP135AAG3, STM32MP135CAE3, STM32MP135CAF3, STM32MP135CAG3, STM32MP135DAE7, STM32MP135DAF7, STM32MP135DAG7, STM32MP135F-DK, STM32MP135FAE7, STM32MP135FAF7, STM32MP135FAF7T, STM32MP135FAF7U, STM32MP135FAG7, STM32MP211AAL3, STM32MP211AAM3, STM32MP211AAN3, STM32MP211AAO3, STM32MP211CAL3, STM32MP211CAM3, STM32MP211CAN3, STM32MP211CAO3, STM32MP211DAL3, STM32MP211DAM3, STM32MP211DAN3, STM32MP211DAO3, STM32MP211FAL3, STM32MP211FAM3, STM32MP211FAN3, STM32MP211FAO3, STM32MP213AAL3, STM32MP213AAM3, STM32MP213AAN3, STM32MP213AAO3, STM32MP213CAL3, STM32MP213CAM3, STM32MP213CAN3, STM32MP213CAO3, STM32MP213DAL3, STM32MP213DAM3, STM32MP213DAN3, STM32MP213DAO3, STM32MP213FAL3, STM32MP213FAM3, STM32MP213FAN3, STM32MP213FAO3, STM32MP215AAL3, STM32MP215AAM3, STM32MP215AAN3, STM32MP215AAO3, STM32MP215CAL3, STM32MP215CAM3, STM32MP215CAN3, STM32MP215CAO3, STM32MP215DAL3, STM32MP215DAM3, STM32MP215DAN3, STM32MP215DAO3, STM32MP215F-DK, STM32MP215FAL3, STM32MP215FAM3, STM32MP215FAN3, STM32MP215FAO3, STM32MP251AAI3, STM32MP251AAJ3, STM32MP251AAK3, STM32MP251AAL3, STM32MP251CAI3, STM32MP251CAJ3, STM32MP251CAK3, STM32MP251CAL3, STM32MP251DAI3, STM32MP251DAJ3, STM32MP251DAK3, STM32MP251DAL3, STM32MP251FAI3, STM32MP251FAJ3, STM32MP251FAK3, STM32MP251FAL3, STM32MP253AAI3, STM32MP253AAJ3, STM32MP253AAK3, STM32MP253AAL3, STM32MP253CAI3, STM32MP253CAJ3, STM32MP253CAK3, STM32MP253CAL3, STM32MP253DAI3, STM32MP253DAJ3, STM32MP253DAK3, STM32MP253DAL3, STM32MP253FAI3, STM32MP253FAJ3, STM32MP253FAK3, STM32MP253FAL3, STM32MP255AAI3, STM32MP255AAJ3, STM32MP255AAK3, STM32MP255AAL3, STM32MP255CAI3, STM32MP255CAJ3, STM32MP255CAK3, STM32MP255CAL3, STM32MP255DAI3, STM32MP255DAJ3, STM32MP255DAK3, STM32MP255DAL3, STM32MP255FAI3, STM32MP255FAJ3, STM32MP255FAK3, STM32MP255FAL3, STM32MP257AAI3, STM32MP257AAJ3, STM32MP257AAK3, STM32MP257AAL3, STM32MP257CAI3, STM32MP257CAJ3, STM32MP257CAK3, STM32MP257CAL3, STM32MP257DAI3, STM32MP257DAJ3, STM32MP257DAK3, STM32MP257DAL3, STM32MP257F-DK, STM32MP257F-EV1, STM32MP257FAI3, STM32MP257FAJ3, STM32MP257FAK3, STM32MP257FAL3, STM32N645A0H3Q, STM32N645A0H3QG, STM32N645B0H3Q, STM32N645I0H3Q, STM32N645L0H3Q, STM32N645X0H3Q, STM32N645Z0H3Q, STM32N647A0H3Q, STM32N647A0H3QG, STM32N655A0H3Q, STM32N655A0H3QG, STM32N655B0H3Q, STM32N655I0H3Q, STM32N655L0H3Q, STM32N655X0H3Q, STM32N655Z0H3Q, STM32U031C6T6, STM32U031C6U6, STM32U031C8T6, STM32U031C8U6, STM32U031F4P6, STM32U031F6P6, STM32U031F8P6, STM32U031G6Y6TR, STM32U031G8Y6TR, STM32U031K4U6, STM32U031K6U6, STM32U031K8U6, STM32U031R6I6, STM32U031R6T6, STM32U031R8I6, STM32U031R8T6, STM32U073C8T6, STM32U073C8U6, STM32U073CBT6, STM32U073CBU6, STM32U073CCT6, STM32U073CCU6, STM32U073H8Y6TR, STM32U073HBY6TR, STM32U073HCY6TR, STM32U073K8U6, STM32U073KBU6, STM32U073KCU6, STM32U073M8I6, STM32U073M8T6, STM32U073MBI6, STM32U073MBT6, STM32U073MCI6, STM32U073MCT6, STM32U073R8I6, STM32U073R8T6, STM32U073RBI6, STM32U073RBT6, STM32U073RCI6, STM32U073RCT6, STM32U083C-DK, STM32U083CCT6, STM32U083CCU6, STM32U083HCY6TR, STM32U083KCU6, STM32U083MCI6, STM32U083MCT6, STM32U083RCI6, STM32U083RCT6, STM32U335CBT6, STM32U335CBT6Q, STM32U335CBU6, STM32U335CBU6Q, STM32U335CBY6QTR, STM32U335CCT6, STM32U335CCT6Q, STM32U335CCU6, STM32U335CCU6Q, STM32U335CCY6QTR, STM32U335KBU6, STM32U335KBY6QTR, STM32U335KCU6, STM32U335KCY6QTR, STM32U335RBI6, STM32U335RBI6Q, STM32U335RBT6, STM32U335RBT6Q, STM32U335RCI6, STM32U335RCI6Q, STM32U335RCT6, STM32U335RCT6Q, STM32U345CCT6, STM32U345CCT6Q, STM32U345CCU6, STM32U345CCU6Q, STM32U345CCY6QTR, STM32U345KCU6, STM32U345KCY6QTR, STM32U345RCI6, STM32U345RCI6Q, STM32U345RCT6, STM32U345RCT6Q, STM32U356CCT6, STM32U356CCT6Q, STM32U356CCU6, STM32U356CCU6Q, STM32U356CCY6QTR, STM32U356CET6, STM32U356CET6Q, STM32U356CEU6, STM32U356CEU6Q, STM32U356CEY6QTR, STM32U356KCU6, STM32U356KEU6, STM32U356RCI6, STM32U356RCI6Q, STM32U356RCT6, STM32U356RCT6Q, STM32U356RCY6QTR, STM32U356REI6, STM32U356REI6Q, STM32U356RET6, STM32U356RET6Q, STM32U356REY6QTR, STM32U356VCI6, STM32U356VCI6Q, STM32U356VCT6, STM32U356VCT6Q, STM32U356VEI6, STM32U356VEI6Q, STM32U356VET6, STM32U356VET6Q, STM32U366CET6, STM32U366CET6Q, STM32U366CEU6, STM32U366CEU6Q, STM32U366CEY6QTR, STM32U366E-DK, STM32U366KEU6, STM32U366REI6, STM32U366REI6Q, STM32U366RET6, STM32U366RET6Q, STM32U366REY6QTR, STM32U366VEI6, STM32U366VEI6Q, STM32U366VET6, STM32U366VET6Q, STM32U375CET6, STM32U375CET6Q, STM32U375CEU6, STM32U375CEU6Q, STM32U375CEY6QTR, STM32U375CGT6, STM32U375CGT6Q, STM32U375CGU6, STM32U375CGU6Q, STM32U375CGY6QTR, STM32U375KEU6, STM32U375KGU6, STM32U375REI6, STM32U375REI6Q, STM32U375RET6, STM32U375RET6Q, STM32U375REY6GTR, STM32U375REY6QTR, STM32U375RGI6Q, STM32U375RGT6Q, STM32U375RGY6GTR, STM32U375RGY6QTR, STM32U375VEI6, STM32U375VEI6Q, STM32U375VET6, STM32U375VET6Q, STM32U375VGI6Q, STM32U375VGT6Q, STM32U385CGT6, STM32U385CGT6Q, STM32U385CGU6, STM32U385CGU6Q, STM32U385CGY6QTR, STM32U385KGU6, STM32U385RGI6, STM32U385RGI6Q, STM32U385RGT6, STM32U385RGT6Q, STM32U385RGY6GTR, STM32U385RGY6QTR, STM32U385VGI6, STM32U385VGI6Q, STM32U385VGT6, STM32U385VGT6Q, STM32U3B5CGT6, STM32U3B5CGT6Q, STM32U3B5CGU6, STM32U3B5CGU6Q, STM32U3B5CIT6, STM32U3B5CIT6Q, STM32U3B5CIU6, STM32U3B5CIU6Q, STM32U3B5JGY6QTR, STM32U3B5JIY6QTR, STM32U3B5QGI6, STM32U3B5QGI6Q, STM32U3B5QII6, STM32U3B5QII6Q, STM32U3B5RGT6, STM32U3B5RGT6Q, STM32U3B5RIT6, STM32U3B5RIT6Q, STM32U3B5VGT6, STM32U3B5VGT6Q, STM32U3B5VGY6QTR, STM32U3B5VIT6, STM32U3B5VIT6Q, STM32U3B5VIY6QTR, STM32U3B5WGY6QTR, STM32U3B5WIY6QTR, STM32U3B5ZGT6, STM32U3B5ZGT6Q, STM32U3B5ZIT6, STM32U3B5ZIT6Q, STM32U3C5CIT6, STM32U3C5CIT6Q, STM32U3C5CIU6, STM32U3C5CIU6Q, STM32U3C5JIY6QTR, STM32U3C5QII6, STM32U3C5QII6Q, STM32U3C5RIT6, STM32U3C5RIT6Q, STM32U3C5VIT6, STM32U3C5VIT6Q, STM32U3C5VIY6QTR, STM32U3C5WIY6QTR, STM32U3C5ZIT6, STM32U3C5ZIT6Q, STM32U535CBT6, STM32U535CBT6Q, STM32U535CBU6, STM32U535CBU6Q, STM32U535CCT6, STM32U535CCT6Q, STM32U535CCU6, STM32U535CCU6Q, STM32U535CET6, STM32U535CET6Q, STM32U535CEU6, STM32U535CEU6Q, STM32U535JEY6QTR, STM32U535NCY6QTR, STM32U535NEY6QTR, STM32U535RBI6, STM32U535RBI6Q, STM32U535RBT6, STM32U535RBT6Q, STM32U535RCI6, STM32U535RCI6Q, STM32U535RCT6, STM32U535RCT6Q, STM32U535REI6, STM32U535REI6Q, STM32U535RET6, STM32U535RET6Q, STM32U535VCI6, STM32U535VCI6Q, STM32U535VCT6, STM32U535VCT6Q, STM32U535VEI6, STM32U535VEI6Q, STM32U535VET6, STM32U535VET6Q, STM32U545CET6, STM32U545CET6Q, STM32U545CEU6, STM32U545CEU6Q, STM32U545JEY6QTR, STM32U545NEY6QTR, STM32U545REI6, STM32U545REI6Q, STM32U545RET6, STM32U545RET6Q, STM32U545VEI6, STM32U545VEI6Q, STM32U545VET6, STM32U545VET6Q, STM32U595AIH6, STM32U595AIH6Q, STM32U595AJH6, STM32U595AJH6Q, STM32U595QII6, STM32U595QII6Q, STM32U595QJI6, STM32U595QJI6Q, STM32U595RIT6, STM32U595RIT6Q, STM32U595RJT6, STM32U595RJT6Q, STM32U595VIT6, STM32U595VIT6Q, STM32U595VJT6, STM32U595VJT6Q, STM32U595ZIT6, STM32U595ZIT6Q, STM32U595ZIY6QTR, STM32U595ZJT6, STM32U595ZJT6Q, STM32U595ZJY6QTR, STM32U599BJY6QTR, STM32U599NIH6Q, STM32U599NJH6Q, STM32U599VIT6Q, STM32U599VJT6, STM32U599VJT6Q, STM32U599ZIT6Q, STM32U599ZIY6QTR, STM32U599ZJT6Q, STM32U599ZJY6QTR, STM32U5A5AJH6, STM32U5A5AJH6Q, STM32U5A5QII3Q, STM32U5A5QJI6, STM32U5A5QJI6Q, STM32U5A5RJT6, STM32U5A5RJT6Q, STM32U5A5VJT6, STM32U5A5VJT6Q, STM32U5A5ZJT6, STM32U5A5ZJT6Q, STM32U5A5ZJY6QTR, STM32U5A9BJY6QTR, STM32U5A9J-DK, STM32U5A9NJH6Q, STM32U5A9VJT6Q, STM32U5A9ZJT6Q, STM32U5A9ZJY6QTR, STM32U5F7VIT6, STM32U5F7VIT6Q, STM32U5F7VJT6, STM32U5F7VJT6Q, STM32U5F9BJY6QTR, STM32U5F9NJH6Q, STM32U5F9VIT6Q, STM32U5F9VJT6Q, STM32U5F9ZIJ6QTR, STM32U5F9ZIT6Q, STM32U5F9ZJJ6QTR, STM32U5F9ZJT6Q, STM32U5G7VJT6, STM32U5G7VJT6Q, STM32U5G9BJY6QTR, STM32U5G9J-DK1, STM32U5G9J-DK2, STM32U5G9NJH6Q, STM32U5G9VJT6Q, STM32U5G9ZJJ6QTR, STM32U5G9ZJT6Q, STM32V863AII3, STM32V863AII6, STM32V863AJI3, STM32V863AJI6, STM32V863IIK3, STM32V863IIK6, STM32V863IIT3, STM32V863IIT6, STM32V863IJK3, STM32V863IJK6, STM32V863IJT3, STM32V863IJT6, STM32V863RIV3, STM32V863RIV6, STM32V863RJV3, STM32V863RJV6, STM32V863VIH3, STM32V863VIH6, STM32V863VIT3, STM32V863VIT6, STM32V863VJH3, STM32V863VJH6, STM32V863VJT3, STM32V863VJT6, STM32V863XIH3, STM32V863XIH6, STM32V863XJH3, STM32V863XJH6, STM32V863ZIT3, STM32V863ZIT6, STM32V863ZJT3, STM32V863ZJT6, STM32V873AII3, STM32V873AII6, STM32V873AJI3, STM32V873AJI6, STM32V873IIK3, STM32V873IIK6, STM32V873IIT3, STM32V873IIT6, STM32V873IJK3, STM32V873IJK6, STM32V873IJT3, STM32V873IJT6, STM32V873RIV3, STM32V873RIV6, STM32V873RJV3, STM32V873RJV6, STM32V873VIH3, STM32V873VIH6, STM32V873VIT3, STM32V873VIT6, STM32V873VJH3, STM32V873VJH6, STM32V873VJT3, STM32V873VJT6, STM32V873XIH3, STM32V873XIH6, STM32V873XJH3, STM32V873XJH6, STM32V873ZIT3, STM32V873ZIT6, STM32V873ZJT3, STM32V873ZJT6, STM32WB05KZV6TR, STM32WB05KZV7TR, STM32WB05TZF6TR, STM32WB05TZF7TR, STM32WB06CCF6TR, STM32WB06CCF7TR, STM32WB06CCV6TR, STM32WB06CCV7TR, STM32WB06KCV6TR, STM32WB06KCV7TR, STM32WB07CCF6TR, STM32WB07CCF7TR, STM32WB07CCV6TR, STM32WB07CCV7TR, STM32WB07KCV6TR, STM32WB07KCV7TR, STM32WB09KEV6TR, STM32WB09KEV7TR, STM32WB09TEF6TR, STM32WB09TEF7TR, STM32WB1MMCH6, STM32WBA23CEU6, STM32WBA23CEU6TR, STM32WBA23CEU7, STM32WBA23CEU7TR, STM32WBA23KEU6, STM32WBA23KEU6TR, STM32WBA23KEU7, STM32WBA23KEU7TR, STM32WBA25CEU6, STM32WBA25CEU6TR, STM32WBA25CEU7, STM32WBA25CEU7TR, STM32WBA25HEF6, STM32WBA25HEF6TR, STM32WBA25HEF7, STM32WBA25HEF7TR, STM32WBA50KGU6, STM32WBA50KGU6TR, STM32WBA52CEU6, STM32WBA52CEU6TR, STM32WBA52CEU7, STM32WBA52CEU7TR, STM32WBA52CGU6, STM32WBA52CGU6TR, STM32WBA52CGU7, STM32WBA52CGU7TR, STM32WBA52KEU6, STM32WBA52KEU6TR, STM32WBA52KGU6, STM32WBA52KGU6TR, STM32WBA54CEU6, STM32WBA54CEU6TR, STM32WBA54CEU7, STM32WBA54CEU7TR, STM32WBA54CGU6, STM32WBA54CGU6TR, STM32WBA54CGU7, STM32WBA54CGU7TR, STM32WBA54KEU6, STM32WBA54KEU6TR, STM32WBA54KEU7, STM32WBA54KEU7TR, STM32WBA54KGU6, STM32WBA54KGU6TR, STM32WBA54KGU7, STM32WBA54KGU7TR, STM32WBA55CEU6, STM32WBA55CEU6TR, STM32WBA55CEU7, STM32WBA55CEU7TR, STM32WBA55CGU6, STM32WBA55CGU6TR, STM32WBA55CGU6U, STM32WBA55CGU7, STM32WBA55CGU7TR, STM32WBA55G-DK1, STM32WBA55HGF6, STM32WBA55HGF7, STM32WBA55UEI6, STM32WBA55UEI6TR, STM32WBA55UEI7, STM32WBA55UEI7TR, STM32WBA55UGI6, STM32WBA55UGI6TR, STM32WBA55UGI7, STM32WBA55UGI7TR, STM32WBA62MGF6, STM32WBA62MIF6, STM32WBA62PII6, STM32WBA65MGF7, STM32WBA65MIF6, STM32WBA65MIF7, STM32WBA6MOIH6, STM32WL30K8V6, STM32WL30KBV6, STM32WL31C8V6, STM32WL31CBV6, STM32WL31K8V6, STM32WL31KBV6, STM32WL33C8V6X, STM32WL33CBV6X, STM32WL33CCV6X, STM32WL33K8V7X, STM32WL33KBV7X, STM32WL33KCV7X, STM32WL3RK8V6, STM32WL3RK8V6X, STM32WL3RKBV6, STM32WL3RKBV6X, STM32WL40CCV6, STM32WL40CEV6, STM32WL41CCV6, STM32WL41CEV6, STM32WL41RCV6, STM32WL41REV6, STM32WL43CCV6, STM32WL43CEV6, STM32WL43E-DK, STM32WL43RCV6, STM32WL43REV6, STM32WL5MOCH6, STM32WL5MOCH6STR, STM32WL5MOCH6TR]
2026-10-05 18:51:40,587 [INFO] BoardInfo:889 - No configuration file found for board P-NUCLEO-WB55
2026-10-05 18:51:40,590 [INFO] DbBoards:161 - Kit is not supported: P-NUCLEO-WB55
2026-10-05 18:51:40,600 [INFO] BoardInfo:889 - No configuration file found for board STEVAL-BFA001V1B
2026-10-05 18:51:40,602 [INFO] DbBoards:161 - Kit is not supported: STEVAL-BFA001V1B
2026-10-05 18:51:40,604 [INFO] BoardInfo:889 - No configuration file found for board STEVAL-BFA001V2B
2026-10-05 18:51:40,606 [INFO] DbBoards:161 - Kit is not supported: STEVAL-BFA001V2B
2026-10-05 18:51:40,866 [INFO] DbBoards:168 - Found 226 boards, 223 are supported
2026-10-05 18:51:40,867 [INFO] DbBoards:169 - Found 226 boards, 57 of them is supported for  Bsp
2026-10-05 18:51:40,871 [INFO] ApiDb:668 - CubeFinder database Data Model version=2.1
2026-10-05 18:51:40,871 [INFO] ApiDb:669 - CubeFinder database Configuration version=3.0.42
2026-10-05 18:51:40,871 [INFO] ApiDb:670 - CubeFinder database generation date=2026-06-23 (1782213372)
2026-10-05 18:51:40,871 [INFO] ApiDb:671 - CubeFinder database FW Pack versions=[FP-ATR-ASTRA1_V2.0.0, FP-SNS-FLIGHT1_V5.1.0, FP-SNS-MOTENV1_V5.1.0, FP-SNS-MOTENVWB1_V1.5.0, FP-SNS-SMARTAG2_V1.2.0, FP-SNS-STBOX1_V2.1.0, STM32Cube_FW_C0_V1.4.0, STM32Cube_FW_F4_V1.28.3, STM32Cube_FW_F7_V1.17.4, STM32Cube_FW_G0_V1.6.3, STM32Cube_FW_G4_V1.6.2, STM32Cube_FW_H5_V1.7.0, STM32Cube_FW_H7RS_V1.3.0, STM32Cube_FW_H7_V1.13.0, STM32Cube_FW_L0_V1.12.2, STM32Cube_FW_L4_V1.18.2, STM32Cube_FW_L5_V1.6.0, STM32Cube_FW_N6_V1.4.0, STM32Cube_FW_U0_V1.3.0, STM32Cube_FW_U3_V1.4.0, STM32Cube_FW_U5_V1.9.0, STM32Cube_FW_WB0_V1.5.0, STM32Cube_FW_WBA_V1.10.0, STM32Cube_FW_WB_V1.24.0, STM32Cube_FW_WL3_V1.5.0, STM32Cube_FW_WL_V1.6.0, X-CUBE-ALGOBUILD_V1.5.0, X-CUBE-ALS_V1.0.2, X-CUBE-AZRTOS-F4_V1.1.0, X-CUBE-AZRTOS-F7_V1.1.0, X-CUBE-AZRTOS-G0_V1.1.0, X-CUBE-AZRTOS-G4_V2.0.0, X-CUBE-AZRTOS-H7RS_V1.1.0, X-CUBE-AZRTOS-H7_V3.5.0, X-CUBE-AZRTOS-L4_V2.0.0, X-CUBE-AZRTOS-L5_V2.0.0, X-CUBE-AZRTOS-WB_V2.0.0, X-CUBE-AZRTOS-WL_V2.0.0, X-CUBE-BLE1_V7.1.0, X-CUBE-BLE2_V3.3.0, X-CUBE-BLEMGR_V4.1.0, X-CUBE-EEPRMA1_V5.2.0, X-CUBE-FREERTOS_V1.5.0, X-CUBE-GNSS1_V7.1.1, X-CUBE-MEMS1_V12.1.0, X-CUBE-NFC4_V3.0.0, X-CUBE-NFC7_V2.0.0, X-CUBE-SFXS2LP1_V4.0.0, X-CUBE-ST67W61_V1.3.0, X-CUBE-SUBG2_V5.0.0, X-CUBE-TOF1_V3.4.3]
2026-10-05 18:51:42,611 [INFO] ApiDb:240 - Found 1237 in-development CPN: [B-G473E-ZEST1S, B-WB1M-WPAN1, B-WBA5M-WPAN, B-WBA6M-WPAN, B-WL5M-SUBG1, NUCLEO-C031C6, NUCLEO-C051C8, NUCLEO-C071RB, NUCLEO-C092RC, NUCLEO-H503RB, NUCLEO-H533RE, NUCLEO-H553ZG, NUCLEO-H563ZI, NUCLEO-H5E5ZJ, NUCLEO-H7S3L8, NUCLEO-U031R8, NUCLEO-U083RC, NUCLEO-U345RC-Q, NUCLEO-U366RE-Q, NUCLEO-U385RG-Q, NUCLEO-U3C5ZI-Q, NUCLEO-U545RE-Q, NUCLEO-U5A5ZJ-Q, NUCLEO-WB05KZ, NUCLEO-WB07CC, NUCLEO-WB09KE, NUCLEO-WBA25CE1, NUCLEO-WBA52CG, NUCLEO-WBA55CG, NUCLEO-WL3RKB1, NUCLEO-WL3RKB2, NUCLEO-WL43RE1, NUCLEO-WL43RE2, STEVAL-PROTEUS1, STEVAL-SMARTAG2, STEVAL-STWINBX1, STM320518-EVAL, STM32C0116-DK, STM32C011D6Y3TR, STM32C011D6Y6TR, STM32C011F4P3, STM32C011F4P6, STM32C011F4U3, STM32C011F4U6TR, STM32C011F6P3, STM32C011F6P6, STM32C011F6U3, STM32C011F6U6TR, STM32C011J4M3, STM32C011J4M6, STM32C011J6M3, STM32C011J6M6, STM32C0316-DK, STM32C031C4T3, STM32C031C4T6, STM32C031C4U3, STM32C031C4U6, STM32C031C6T3, STM32C031C6T6, STM32C031C6U3, STM32C031C6U6, STM32C031F4P3, STM32C031F4P6, STM32C031F6P3, STM32C031F6P6, STM32C031G4U3, STM32C031G4U6, STM32C031G6U3, STM32C031G6U6, STM32C031K4T3, STM32C031K4T6, STM32C031K4U3, STM32C031K4U6, STM32C031K6T3, STM32C031K6T6, STM32C031K6U3, STM32C031K6U6, STM32C051C6T6, STM32C051C6U6, STM32C051C8T6, STM32C051C8U6, STM32C051D8Y6TR, STM32C051F6P6, STM32C051F8P6, STM32C051G6U6, STM32C051G8U6, STM32C051K6T6, STM32C051K6U6, STM32C051K8T6, STM32C071C8T6, STM32C071C8T6N, STM32C071C8U6, STM32C071C8U6N, STM32C071CBT6, STM32C071CBT6N, STM32C071CBU6, STM32C071CBU6N, STM32C071F8P6, STM32C071F8P6N, STM32C071FBP6, STM32C071FBP6N, STM32C071FBY6TR, STM32C071G8U6, STM32C071G8U6N, STM32C071GBU6, STM32C071GBU6N, STM32C071K8T6, STM32C071K8T6N, STM32C071K8U6, STM32C071K8U6N, STM32C071KBT6, STM32C071KBT6N, STM32C071KBU6, STM32C071KBU6N, STM32C071R8T6, STM32C071R8T6N, STM32C071RBI6N, STM32C071RBT6, STM32C071RBT6N, STM32C091CBT6, STM32C091CBU6, STM32C091CCT6, STM32C091CCU6, STM32C091ECY6TR, STM32C091FBP6, STM32C091FCP6, STM32C091GBU6, STM32C091GCU6, STM32C091KBT6, STM32C091KBU6, STM32C091KCT6, STM32C091KCU6, STM32C091RBT6, STM32C091RCI6, STM32C091RCT6, STM32C092CBT6, STM32C092CBU6, STM32C092CCT6, STM32C092CCU6, STM32C092ECY6TR, STM32C092FBP6, STM32C092FCP6, STM32C092GBU6, STM32C092GCU6, STM32C092KBT6, STM32C092KBU6, STM32C092KCT6, STM32C092KCU6, STM32C092RBT6, STM32C092RCI6, STM32C092RCT6, STM32C531CBT6, STM32C531CBU6, STM32C531CCT6, STM32C531CCU6, STM32C531EBU6, STM32C531ECU6, STM32C531FBP6, STM32C531FBU6, STM32C531FCP6, STM32C531FCU6, STM32C531GBU6, STM32C531GCU6, STM32C531KBT6, STM32C531KBU6, STM32C531KCT6, STM32C531KCU6, STM32C531RBT6, STM32C531RCT6, STM32C532CBT6, STM32C532CBU6, STM32C532CCT6, STM32C532CCU6, STM32C532EBU6, STM32C532ECU6, STM32C532FBP6, STM32C532FBU6, STM32C532FCP6, STM32C532FCU6, STM32C532GBU6, STM32C532GCU6, STM32C532KBT6, STM32C532KBU6, STM32C532KCT6, STM32C532KCU6, STM32C532RBT6, STM32C532RCT6, STM32C542CCT6, STM32C542CCU6, STM32C542ECU6, STM32C542FCP6, STM32C542FCU6, STM32C542GCU6, STM32C542KCT6, STM32C542KCU6, STM32C542RCT6, STM32C591CET6, STM32C591CEU6, STM32C591CGT6, STM32C591CGU6, STM32C591KET6, STM32C591KEU6, STM32C591KGT6, STM32C591KGU6, STM32C591MET6, STM32C591MGT6, STM32C591RET6, STM32C591RGT6, STM32C591VET6, STM32C591VGT6, STM32C591ZET6, STM32C591ZGT6, STM32C593CET6, STM32C593CEU6, STM32C593CGT6, STM32C593CGU6, STM32C593KET6, STM32C593KEU6, STM32C593KGT6, STM32C593KGU6, STM32C593MET6, STM32C593MGT6, STM32C593RET6, STM32C593RGT6, STM32C593VET6, STM32C593VGT6, STM32C593ZET6, STM32C593ZGT6, STM32C5A3CGT6, STM32C5A3CGU6, STM32C5A3KGT6, STM32C5A3KGU6, STM32C5A3MGT6, STM32C5A3RGT6, STM32C5A3VGT6, STM32C5A3ZGT6, STM32F723RCV6, STM32F723REV6, STM32G071K8TXN, STM32G071K8UXN, STM32G081GBU6N, STM32G081KBT6N, STM32G081KBUXN, STM32G0B1CCT6N, STM32G0B1KCT6, STM32G0B1NEY6TR, STM32G0B1RCT6N, STM32G0C1CCT6, STM32G0C1CCT6N, STM32G0C1CCU6N, STM32G0C1CET6N, STM32G0C1CEU6N, STM32G0C1KCT6, STM32G0C1NEY6TR, STM32G0C1RCI6N, STM32G0C1RCT6N, STM32G0C1REI6N, STM32G0C1RET6N, STM32G0C1VCI6, STM32G0C1VEI6, STM32G411C6T3, STM32G411C6T6, STM32G411C6U3, STM32G411C6U6, STM32G411C8T3, STM32G411C8T6, STM32G411C8U3, STM32G411C8U6, STM32G411CBT3, STM32G411CBT6, STM32G411CBU3, STM32G411CBU6, STM32G411CCT3, STM32G411CCT6, STM32G411CCU3, STM32G411CCU6, STM32G411K6T3, STM32G411K6T6, STM32G411K6U3, STM32G411K6U6, STM32G411K8T3, STM32G411K8T6, STM32G411K8U3, STM32G411K8U6, STM32G411KBT3, STM32G411KBT6, STM32G411KBU3, STM32G411KBU6, STM32G411M6T3, STM32G411M6T6, STM32G411M8T3, STM32G411M8T6, STM32G411MBT3, STM32G411MBT6, STM32G411MCT3, STM32G411MCT6, STM32G411R6T3, STM32G411R6T6, STM32G411R8T3, STM32G411R8T6, STM32G411RBT3, STM32G411RBT6, STM32G411RCT3, STM32G411RCT6, STM32G414CBT3, STM32G414CBT6, STM32G414CBU3, STM32G414CBU6, STM32G414CCT3, STM32G414CCT6, STM32G414CCU3, STM32G414CCU6, STM32G414MBT3, STM32G414MBT6, STM32G414MCT3, STM32G414MCT6, STM32G414RBT3, STM32G414RBT6, STM32G414RCT3, STM32G414RCT6, STM32G414VBT3, STM32G414VBT6, STM32G414VCT3, STM32G414VCT6, STM32G431CBT3Z, STM32G431RBT3Z, STM32G471CCT6, STM32G471CCU6, STM32G471CET3, STM32G471CET6, STM32G471CEU3, STM32G471CEU6, STM32G471MCT6, STM32G471MET3, STM32G471MET6, STM32G471MEY6TR, STM32G471QCT6, STM32G471QET3, STM32G471RCT6, STM32G471RET3, STM32G471RET6, STM32G471VCH6, STM32G471VCI6, STM32G471VCT6, STM32G471VEH3, STM32G471VEH6, STM32G471VEI3, STM32G471VEI6, STM32G471VET3, STM32G471VET6, STM32G473QET3Z, STM32G473RET3Z, STM32G474CCT6, STM32G491CET3Z, STM32G491RET3Z, STM32H503CBT6, STM32H503CBU6, STM32H503EBY6TR, STM32H503KBU6, STM32H503RBT6, STM32H523CCT6, STM32H523CCU6, STM32H523CET6, STM32H523CEU6, STM32H523HEY6TR, STM32H523RCT6, STM32H523RET6, STM32H523VCI6, STM32H523VCT6, STM32H523VEI6, STM32H523VET6, STM32H523ZCJ6, STM32H523ZCT6, STM32H523ZEJ6, STM32H523ZET6, STM32H533CET6, STM32H533CEU6, STM32H533HEY6TR, STM32H533RET6, STM32H533VEI6, STM32H533VET6, STM32H533ZEJ6, STM32H533ZET6, STM32H543CET6, STM32H543CEU6, STM32H543CGT6, STM32H543CGU6, STM32H543RET6, STM32H543RGT6, STM32H543UGY6TR, STM32H543VEI6, STM32H543VET6, STM32H543VEZ3, STM32H543VGI6, STM32H543VGT6, STM32H543VGZ3, STM32H543ZEJ6, STM32H543ZET6, STM32H543ZEZ3, STM32H543ZGJ6, STM32H543ZGT6, STM32H543ZGZ3, STM32H553CGT6, STM32H553CGU6, STM32H553RGT6, STM32H553UGY6TR, STM32H553VGI6, STM32H553VGT6, STM32H553VGZ3, STM32H553ZGJ6, STM32H553ZGT6, STM32H553ZGZ3, STM32H562AGI6, STM32H562AII6, STM32H562IGK6, STM32H562IGT6, STM32H562IIK6, STM32H562IIT6, STM32H562RGT6, STM32H562RGV6, STM32H562RIT6, STM32H562RIV6, STM32H562VGT6, STM32H562VIT6, STM32H562ZGT6, STM32H562ZIT6, STM32H563AGI6, STM32H563AII3Q, STM32H563AII6, STM32H563IGK6, STM32H563IGT6, STM32H563IIK3Q, STM32H563IIK6, STM32H563IIT3Q, STM32H563IIT6, STM32H563MIY3QTR, STM32H563RGT6, STM32H563RGV6, STM32H563RIT6, STM32H563RIV6, STM32H563VGT6, STM32H563VIT3Q, STM32H563VIT6, STM32H563ZGT6, STM32H563ZIT3Q, STM32H563ZIT6, STM32H573AII3Q, STM32H573AII6, STM32H573I-DK, STM32H573IIK3Q, STM32H573IIK6, STM32H573IIT3Q, STM32H573IIT6, STM32H573MIY3QTR, STM32H573RIT6, STM32H573RIV6, STM32H573VIT3Q, STM32H573VIT6, STM32H573ZIT3Q, STM32H573ZIT6, STM32H5E4AJI6, STM32H5E4AJI7Q, STM32H5E4AKI6, STM32H5E4IJK6, STM32H5E4IJK7Q, STM32H5E4IJT6, STM32H5E4IJT7Q, STM32H5E4IKK6, STM32H5E4IKT6, STM32H5E4VJT6, STM32H5E4VJT7Q, STM32H5E4VKT6, STM32H5E4ZJJ6, STM32H5E4ZJJ7Q, STM32H5E4ZJT6, STM32H5E4ZJT7Q, STM32H5E4ZKJ6, STM32H5E4ZKT6, STM32H5E5IJK7Q, STM32H5E5IJT7Q, STM32H5E5IKK7Q, STM32H5E5IKT7Q, STM32H5E5LJH7Q, STM32H5E5LKH7Q, STM32H5E5VJY7QTR, STM32H5E5VKY7QTR, STM32H5E5ZJT6, STM32H5E5ZKT6, STM32H5F4AJI6, STM32H5F4AJI7Q, STM32H5F4IJK6, STM32H5F4IJK7Q, STM32H5F4IJT6, STM32H5F4IJT7Q, STM32H5F4VJT6, STM32H5F4VJT7Q, STM32H5F4ZJJ6, STM32H5F4ZJJ7Q, STM32H5F4ZJT6, STM32H5F4ZJT7Q, STM32H5F5IJK7Q, STM32H5F5IJT7Q, STM32H5F5J-DK, STM32H5F5LJH7Q, STM32H5F5VJY7QTR, STM32H5F5ZJT6, STM32H7R3A8I6, STM32H7R3I8K6, STM32H7R3I8T6, STM32H7R3L8H6, STM32H7R3L8H6H, STM32H7R3R8V6, STM32H7R3V8H6, STM32H7R3V8T6, STM32H7R3V8Y6TR, STM32H7R3Z8J6, STM32H7R3Z8T6, STM32H7R7A8I6, STM32H7R7I8K6, STM32H7R7I8T6, STM32H7R7L8H6, STM32H7R7L8H6H, STM32H7R7Z8J6, STM32H7S3A8I6, STM32H7S3I8K6, STM32H7S3I8T6, STM32H7S3L8H6, STM32H7S3L8H6H, STM32H7S3R8V6, STM32H7S3V8H6, STM32H7S3V8T6, STM32H7S3V8Y6TR, STM32H7S3Z8J6, STM32H7S3Z8T6, STM32H7S78-DK, STM32H7S7A8I6, STM32H7S7I8K6, STM32H7S7I8T6, STM32H7S7L8H6, STM32H7S7L8H6H, STM32H7S7Z8J6, STM32L4R5QGI6STR, STM32MP131AAE3, STM32MP131AAF3, STM32MP131AAG3, STM32MP131CAE3, STM32MP131CAF3, STM32MP131CAG3, STM32MP131DAE7, STM32MP131DAF7, STM32MP131DAG7, STM32MP131FAE7, STM32MP131FAF7, STM32MP131FAG7, STM32MP133AAE3, STM32MP133AAF3, STM32MP133AAG3, STM32MP133CAE3, STM32MP133CAF3, STM32MP133CAG3, STM32MP133DAE7, STM32MP133DAF7, STM32MP133DAG7, STM32MP133FAE7, STM32MP133FAF7, STM32MP133FAG7, STM32MP135AAE3, STM32MP135AAF3, STM32MP135AAG3, STM32MP135CAE3, STM32MP135CAF3, STM32MP135CAG3, STM32MP135DAE7, STM32MP135DAF7, STM32MP135DAG7, STM32MP135F-DK, STM32MP135FAE7, STM32MP135FAF7, STM32MP135FAF7T, STM32MP135FAF7U, STM32MP135FAG7, STM32MP211AAL3, STM32MP211AAM3, STM32MP211AAN3, STM32MP211AAO3, STM32MP211CAL3, STM32MP211CAM3, STM32MP211CAN3, STM32MP211CAO3, STM32MP211DAL3, STM32MP211DAM3, STM32MP211DAN3, STM32MP211DAO3, STM32MP211FAL3, STM32MP211FAM3, STM32MP211FAN3, STM32MP211FAO3, STM32MP213AAL3, STM32MP213AAM3, STM32MP213AAN3, STM32MP213AAO3, STM32MP213CAL3, STM32MP213CAM3, STM32MP213CAN3, STM32MP213CAO3, STM32MP213DAL3, STM32MP213DAM3, STM32MP213DAN3, STM32MP213DAO3, STM32MP213FAL3, STM32MP213FAM3, STM32MP213FAN3, STM32MP213FAO3, STM32MP215AAL3, STM32MP215AAM3, STM32MP215AAN3, STM32MP215AAO3, STM32MP215CAL3, STM32MP215CAM3, STM32MP215CAN3, STM32MP215CAO3, STM32MP215DAL3, STM32MP215DAM3, STM32MP215DAN3, STM32MP215DAO3, STM32MP215F-DK, STM32MP215FAL3, STM32MP215FAM3, STM32MP215FAN3, STM32MP215FAO3, STM32MP251AAI3, STM32MP251AAJ3, STM32MP251AAK3, STM32MP251AAL3, STM32MP251CAI3, STM32MP251CAJ3, STM32MP251CAK3, STM32MP251CAL3, STM32MP251DAI3, STM32MP251DAJ3, STM32MP251DAK3, STM32MP251DAL3, STM32MP251FAI3, STM32MP251FAJ3, STM32MP251FAK3, STM32MP251FAL3, STM32MP253AAI3, STM32MP253AAJ3, STM32MP253AAK3, STM32MP253AAL3, STM32MP253CAI3, STM32MP253CAJ3, STM32MP253CAK3, STM32MP253CAL3, STM32MP253DAI3, STM32MP253DAJ3, STM32MP253DAK3, STM32MP253DAL3, STM32MP253FAI3, STM32MP253FAJ3, STM32MP253FAK3, STM32MP253FAL3, STM32MP255AAI3, STM32MP255AAJ3, STM32MP255AAK3, STM32MP255AAL3, STM32MP255CAI3, STM32MP255CAJ3, STM32MP255CAK3, STM32MP255CAL3, STM32MP255DAI3, STM32MP255DAJ3, STM32MP255DAK3, STM32MP255DAL3, STM32MP255FAI3, STM32MP255FAJ3, STM32MP255FAK3, STM32MP255FAL3, STM32MP257AAI3, STM32MP257AAJ3, STM32MP257AAK3, STM32MP257AAL3, STM32MP257CAI3, STM32MP257CAJ3, STM32MP257CAK3, STM32MP257CAL3, STM32MP257DAI3, STM32MP257DAJ3, STM32MP257DAK3, STM32MP257DAL3, STM32MP257F-DK, STM32MP257F-EV1, STM32MP257FAI3, STM32MP257FAJ3, STM32MP257FAK3, STM32MP257FAL3, STM32N645A0H3Q, STM32N645A0H3QG, STM32N645B0H3Q, STM32N645I0H3Q, STM32N645L0H3Q, STM32N645X0H3Q, STM32N645Z0H3Q, STM32N647A0H3Q, STM32N647A0H3QG, STM32N655A0H3Q, STM32N655A0H3QG, STM32N655B0H3Q, STM32N655I0H3Q, STM32N655L0H3Q, STM32N655X0H3Q, STM32N655Z0H3Q, STM32U031C6T6, STM32U031C6U6, STM32U031C8T6, STM32U031C8U6, STM32U031F4P6, STM32U031F6P6, STM32U031F8P6, STM32U031G6Y6TR, STM32U031G8Y6TR, STM32U031K4U6, STM32U031K6U6, STM32U031K8U6, STM32U031R6I6, STM32U031R6T6, STM32U031R8I6, STM32U031R8T6, STM32U073C8T6, STM32U073C8U6, STM32U073CBT6, STM32U073CBU6, STM32U073CCT6, STM32U073CCU6, STM32U073H8Y6TR, STM32U073HBY6TR, STM32U073HCY6TR, STM32U073K8U6, STM32U073KBU6, STM32U073KCU6, STM32U073M8I6, STM32U073M8T6, STM32U073MBI6, STM32U073MBT6, STM32U073MCI6, STM32U073MCT6, STM32U073R8I6, STM32U073R8T6, STM32U073RBI6, STM32U073RBT6, STM32U073RCI6, STM32U073RCT6, STM32U083C-DK, STM32U083CCT6, STM32U083CCU6, STM32U083HCY6TR, STM32U083KCU6, STM32U083MCI6, STM32U083MCT6, STM32U083RCI6, STM32U083RCT6, STM32U335CBT6, STM32U335CBT6Q, STM32U335CBU6, STM32U335CBU6Q, STM32U335CBY6QTR, STM32U335CCT6, STM32U335CCT6Q, STM32U335CCU6, STM32U335CCU6Q, STM32U335CCY6QTR, STM32U335KBU6, STM32U335KBY6QTR, STM32U335KCU6, STM32U335KCY6QTR, STM32U335RBI6, STM32U335RBI6Q, STM32U335RBT6, STM32U335RBT6Q, STM32U335RCI6, STM32U335RCI6Q, STM32U335RCT6, STM32U335RCT6Q, STM32U345CCT6, STM32U345CCT6Q, STM32U345CCU6, STM32U345CCU6Q, STM32U345CCY6QTR, STM32U345KCU6, STM32U345KCY6QTR, STM32U345RCI6, STM32U345RCI6Q, STM32U345RCT6, STM32U345RCT6Q, STM32U356CCT6, STM32U356CCT6Q, STM32U356CCU6, STM32U356CCU6Q, STM32U356CCY6QTR, STM32U356CET6, STM32U356CET6Q, STM32U356CEU6, STM32U356CEU6Q, STM32U356CEY6QTR, STM32U356KCU6, STM32U356KEU6, STM32U356RCI6, STM32U356RCI6Q, STM32U356RCT6, STM32U356RCT6Q, STM32U356RCY6QTR, STM32U356REI6, STM32U356REI6Q, STM32U356RET6, STM32U356RET6Q, STM32U356REY6QTR, STM32U356VCI6, STM32U356VCI6Q, STM32U356VCT6, STM32U356VCT6Q, STM32U356VEI6, STM32U356VEI6Q, STM32U356VET6, STM32U356VET6Q, STM32U366CET6, STM32U366CET6Q, STM32U366CEU6, STM32U366CEU6Q, STM32U366CEY6QTR, STM32U366E-DK, STM32U366KEU6, STM32U366REI6, STM32U366REI6Q, STM32U366RET6, STM32U366RET6Q, STM32U366REY6QTR, STM32U366VEI6, STM32U366VEI6Q, STM32U366VET6, STM32U366VET6Q, STM32U375CET6, STM32U375CET6Q, STM32U375CEU6, STM32U375CEU6Q, STM32U375CEY6QTR, STM32U375CGT6, STM32U375CGT6Q, STM32U375CGU6, STM32U375CGU6Q, STM32U375CGY6QTR, STM32U375KEU6, STM32U375KGU6, STM32U375REI6, STM32U375REI6Q, STM32U375RET6, STM32U375RET6Q, STM32U375REY6GTR, STM32U375REY6QTR, STM32U375RGI6Q, STM32U375RGT6Q, STM32U375RGY6GTR, STM32U375RGY6QTR, STM32U375VEI6, STM32U375VEI6Q, STM32U375VET6, STM32U375VET6Q, STM32U375VGI6Q, STM32U375VGT6Q, STM32U385CGT6, STM32U385CGT6Q, STM32U385CGU6, STM32U385CGU6Q, STM32U385CGY6QTR, STM32U385KGU6, STM32U385RGI6, STM32U385RGI6Q, STM32U385RGT6, STM32U385RGT6Q, STM32U385RGY6GTR, STM32U385RGY6QTR, STM32U385VGI6, STM32U385VGI6Q, STM32U385VGT6, STM32U385VGT6Q, STM32U3B5CGT6, STM32U3B5CGT6Q, STM32U3B5CGU6, STM32U3B5CGU6Q, STM32U3B5CIT6, STM32U3B5CIT6Q, STM32U3B5CIU6, STM32U3B5CIU6Q, STM32U3B5JGY6QTR, STM32U3B5JIY6QTR, STM32U3B5QGI6, STM32U3B5QGI6Q, STM32U3B5QII6, STM32U3B5QII6Q, STM32U3B5RGT6, STM32U3B5RGT6Q, STM32U3B5RIT6, STM32U3B5RIT6Q, STM32U3B5VGT6, STM32U3B5VGT6Q, STM32U3B5VGY6QTR, STM32U3B5VIT6, STM32U3B5VIT6Q, STM32U3B5VIY6QTR, STM32U3B5WGY6QTR, STM32U3B5WIY6QTR, STM32U3B5ZGT6, STM32U3B5ZGT6Q, STM32U3B5ZIT6, STM32U3B5ZIT6Q, STM32U3C5CIT6, STM32U3C5CIT6Q, STM32U3C5CIU6, STM32U3C5CIU6Q, STM32U3C5JIY6QTR, STM32U3C5QII6, STM32U3C5QII6Q, STM32U3C5RIT6, STM32U3C5RIT6Q, STM32U3C5VIT6, STM32U3C5VIT6Q, STM32U3C5VIY6QTR, STM32U3C5WIY6QTR, STM32U3C5ZIT6, STM32U3C5ZIT6Q, STM32U535CBT6, STM32U535CBT6Q, STM32U535CBU6, STM32U535CBU6Q, STM32U535CCT6, STM32U535CCT6Q, STM32U535CCU6, STM32U535CCU6Q, STM32U535CET6, STM32U535CET6Q, STM32U535CEU6, STM32U535CEU6Q, STM32U535JEY6QTR, STM32U535NCY6QTR, STM32U535NEY6QTR, STM32U535RBI6, STM32U535RBI6Q, STM32U535RBT6, STM32U535RBT6Q, STM32U535RCI6, STM32U535RCI6Q, STM32U535RCT6, STM32U535RCT6Q, STM32U535REI6, STM32U535REI6Q, STM32U535RET6, STM32U535RET6Q, STM32U535VCI6, STM32U535VCI6Q, STM32U535VCT6, STM32U535VCT6Q, STM32U535VEI6, STM32U535VEI6Q, STM32U535VET6, STM32U535VET6Q, STM32U545CET6, STM32U545CET6Q, STM32U545CEU6, STM32U545CEU6Q, STM32U545JEY6QTR, STM32U545NEY6QTR, STM32U545REI6, STM32U545REI6Q, STM32U545RET6, STM32U545RET6Q, STM32U545VEI6, STM32U545VEI6Q, STM32U545VET6, STM32U545VET6Q, STM32U595AIH6, STM32U595AIH6Q, STM32U595AJH6, STM32U595AJH6Q, STM32U595QII6, STM32U595QII6Q, STM32U595QJI6, STM32U595QJI6Q, STM32U595RIT6, STM32U595RIT6Q, STM32U595RJT6, STM32U595RJT6Q, STM32U595VIT6, STM32U595VIT6Q, STM32U595VJT6, STM32U595VJT6Q, STM32U595ZIT6, STM32U595ZIT6Q, STM32U595ZIY6QTR, STM32U595ZJT6, STM32U595ZJT6Q, STM32U595ZJY6QTR, STM32U599BJY6QTR, STM32U599NIH6Q, STM32U599NJH6Q, STM32U599VIT6Q, STM32U599VJT6, STM32U599VJT6Q, STM32U599ZIT6Q, STM32U599ZIY6QTR, STM32U599ZJT6Q, STM32U599ZJY6QTR, STM32U5A5AJH6, STM32U5A5AJH6Q, STM32U5A5QII3Q, STM32U5A5QJI6, STM32U5A5QJI6Q, STM32U5A5RJT6, STM32U5A5RJT6Q, STM32U5A5VJT6, STM32U5A5VJT6Q, STM32U5A5ZJT6, STM32U5A5ZJT6Q, STM32U5A5ZJY6QTR, STM32U5A9BJY6QTR, STM32U5A9J-DK, STM32U5A9NJH6Q, STM32U5A9VJT6Q, STM32U5A9ZJT6Q, STM32U5A9ZJY6QTR, STM32U5F7VIT6, STM32U5F7VIT6Q, STM32U5F7VJT6, STM32U5F7VJT6Q, STM32U5F9BJY6QTR, STM32U5F9NJH6Q, STM32U5F9VIT6Q, STM32U5F9VJT6Q, STM32U5F9ZIJ6QTR, STM32U5F9ZIT6Q, STM32U5F9ZJJ6QTR, STM32U5F9ZJT6Q, STM32U5G7VJT6, STM32U5G7VJT6Q, STM32U5G9BJY6QTR, STM32U5G9J-DK1, STM32U5G9J-DK2, STM32U5G9NJH6Q, STM32U5G9VJT6Q, STM32U5G9ZJJ6QTR, STM32U5G9ZJT6Q, STM32V863AII3, STM32V863AII6, STM32V863AJI3, STM32V863AJI6, STM32V863IIK3, STM32V863IIK6, STM32V863IIT3, STM32V863IIT6, STM32V863IJK3, STM32V863IJK6, STM32V863IJT3, STM32V863IJT6, STM32V863RIV3, STM32V863RIV6, STM32V863RJV3, STM32V863RJV6, STM32V863VIH3, STM32V863VIH6, STM32V863VIT3, STM32V863VIT6, STM32V863VJH3, STM32V863VJH6, STM32V863VJT3, STM32V863VJT6, STM32V863XIH3, STM32V863XIH6, STM32V863XJH3, STM32V863XJH6, STM32V863ZIT3, STM32V863ZIT6, STM32V863ZJT3, STM32V863ZJT6, STM32V873AII3, STM32V873AII6, STM32V873AJI3, STM32V873AJI6, STM32V873IIK3, STM32V873IIK6, STM32V873IIT3, STM32V873IIT6, STM32V873IJK3, STM32V873IJK6, STM32V873IJT3, STM32V873IJT6, STM32V873RIV3, STM32V873RIV6, STM32V873RJV3, STM32V873RJV6, STM32V873VIH3, STM32V873VIH6, STM32V873VIT3, STM32V873VIT6, STM32V873VJH3, STM32V873VJH6, STM32V873VJT3, STM32V873VJT6, STM32V873XIH3, STM32V873XIH6, STM32V873XJH3, STM32V873XJH6, STM32V873ZIT3, STM32V873ZIT6, STM32V873ZJT3, STM32V873ZJT6, STM32WB05KZV6TR, STM32WB05KZV7TR, STM32WB05TZF6TR, STM32WB05TZF7TR, STM32WB06CCF6TR, STM32WB06CCF7TR, STM32WB06CCV6TR, STM32WB06CCV7TR, STM32WB06KCV6TR, STM32WB06KCV7TR, STM32WB07CCF6TR, STM32WB07CCF7TR, STM32WB07CCV6TR, STM32WB07CCV7TR, STM32WB07KCV6TR, STM32WB07KCV7TR, STM32WB09KEV6TR, STM32WB09KEV7TR, STM32WB09TEF6TR, STM32WB09TEF7TR, STM32WB1MMCH6, STM32WBA23CEU6, STM32WBA23CEU6TR, STM32WBA23CEU7, STM32WBA23CEU7TR, STM32WBA23KEU6, STM32WBA23KEU6TR, STM32WBA23KEU7, STM32WBA23KEU7TR, STM32WBA25CEU6, STM32WBA25CEU6TR, STM32WBA25CEU7, STM32WBA25CEU7TR, STM32WBA25HEF6, STM32WBA25HEF6TR, STM32WBA25HEF7, STM32WBA25HEF7TR, STM32WBA50KGU6, STM32WBA50KGU6TR, STM32WBA52CEU6, STM32WBA52CEU6TR, STM32WBA52CEU7, STM32WBA52CEU7TR, STM32WBA52CGU6, STM32WBA52CGU6TR, STM32WBA52CGU7, STM32WBA52CGU7TR, STM32WBA52KEU6, STM32WBA52KEU6TR, STM32WBA52KGU6, STM32WBA52KGU6TR, STM32WBA54CEU6, STM32WBA54CEU6TR, STM32WBA54CEU7, STM32WBA54CEU7TR, STM32WBA54CGU6, STM32WBA54CGU6TR, STM32WBA54CGU7, STM32WBA54CGU7TR, STM32WBA54KEU6, STM32WBA54KEU6TR, STM32WBA54KEU7, STM32WBA54KEU7TR, STM32WBA54KGU6, STM32WBA54KGU6TR, STM32WBA54KGU7, STM32WBA54KGU7TR, STM32WBA55CEU6, STM32WBA55CEU6TR, STM32WBA55CEU7, STM32WBA55CEU7TR, STM32WBA55CGU6, STM32WBA55CGU6TR, STM32WBA55CGU6U, STM32WBA55CGU7, STM32WBA55CGU7TR, STM32WBA55G-DK1, STM32WBA55HGF6, STM32WBA55HGF7, STM32WBA55UEI6, STM32WBA55UEI6TR, STM32WBA55UEI7, STM32WBA55UEI7TR, STM32WBA55UGI6, STM32WBA55UGI6TR, STM32WBA55UGI7, STM32WBA55UGI7TR, STM32WBA62MGF6, STM32WBA62MIF6, STM32WBA62PII6, STM32WBA65MGF7, STM32WBA65MIF6, STM32WBA65MIF7, STM32WBA6MOIH6, STM32WL30K8V6, STM32WL30KBV6, STM32WL31C8V6, STM32WL31CBV6, STM32WL31K8V6, STM32WL31KBV6, STM32WL33C8V6X, STM32WL33CBV6X, STM32WL33CCV6X, STM32WL33K8V7X, STM32WL33KBV7X, STM32WL33KCV7X, STM32WL3RK8V6, STM32WL3RK8V6X, STM32WL3RKBV6, STM32WL3RKBV6X, STM32WL40CCV6, STM32WL40CEV6, STM32WL41CCV6, STM32WL41CEV6, STM32WL41RCV6, STM32WL41REV6, STM32WL43CCV6, STM32WL43CEV6, STM32WL43E-DK, STM32WL43RCV6, STM32WL43REV6, STM32WL5MOCH6, STM32WL5MOCH6STR, STM32WL5MOCH6TR]
2026-10-05 18:51:42,615 [INFO] DbMcus:218 - Found 5366 MCUs, 5213 are supported
2026-10-05 18:51:42,615 [INFO] ApiDb:414 - User favorites file not found: C:\Users\Li/.stm32cubemx/favorites.mcus.txt
2026-10-05 18:51:42,615 [INFO] DbMcus:224 - Set 0 / 0 favorites MCUs
2026-10-05 18:51:42,958 [INFO] ApiDb:414 - User favorites file not found: C:\Users\Li/.stm32cubemx/favorites.boards.txt
2026-10-05 18:51:42,958 [INFO] DbBoards:198 - Set 0 / 0 favorites Boards
2026-10-05 18:51:42,961 [INFO] UtilMem:75 - End LoadConfig() Used Memory: 188498400 Bytes (557842432)
2026-10-05 18:51:43,043 [WARN] ThirdParty:836 - waiting for thirdparty lock release [change project]
2026-10-05 18:51:43,043 [INFO] ThirdParty:838 - entering critical section [change project]
2026-10-05 18:51:43,043 [INFO] ThirdParty:1033 - CMSIS Pack Vendor :STMicroelectronics X-CUBE-AZRTOS-H7 3.5.0
2026-10-05 18:51:43,043 [INFO] ThirdParty:1033 - CMSIS Pack Vendor :STMicroelectronics X-CUBE-PM33A1 1.0.0
2026-10-05 18:51:43,043 [INFO] ThirdParty:1033 - CMSIS Pack Vendor :STMicroelectronics USBPD 4.1
2026-10-05 18:51:43,043 [INFO] ThirdParty:1033 - CMSIS Pack Vendor :STMicroelectronics X-CUBE-NFC9 1.0.0
2026-10-05 18:51:43,043 [INFO] ThirdParty:1033 - CMSIS Pack Vendor :STMicroelectronics USB_HOST 2.0.0
2026-10-05 18:51:43,043 [INFO] ThirdParty:1033 - CMSIS Pack Vendor :STMicroelectronics FP-ATR-ASTRA1 2.0.3
2026-10-05 18:51:43,043 [INFO] ThirdParty:1033 - CMSIS Pack Vendor :STMicroelectronics X-CUBE-AZRTOS-F4 1.1.0
2026-10-05 18:51:43,043 [INFO] ThirdParty:1033 - CMSIS Pack Vendor :STMicroelectronics LIBJPEG 8.0.0
2026-10-05 18:51:43,043 [INFO] ThirdParty:1033 - CMSIS Pack Vendor :STMicroelectronics X-CUBE-BLE1 7.1.0
2026-10-05 18:51:43,043 [INFO] ThirdParty:1033 - CMSIS Pack Vendor :STMicroelectronics X-CUBE-SMBUS 2.1.1
2026-10-05 18:51:43,043 [INFO] ThirdParty:1033 - CMSIS Pack Vendor :wolfSSL I-CUBE-wolfMQTT 1.19.2
2026-10-05 18:51:43,043 [INFO] ThirdParty:1033 - CMSIS Pack Vendor :STMicroelectronics USB_DEVICE 3.0.0
2026-10-05 18:51:43,043 [INFO] ThirdParty:1033 - CMSIS Pack Vendor :STMicroelectronics X-CUBE-ISPU 2.1.0
2026-10-05 18:51:43,043 [INFO] ThirdParty:1033 - CMSIS Pack Vendor :STMicroelectronics X-CUBE-EEPRMA1 5.2.0
2026-10-05 18:51:43,043 [INFO] ThirdParty:1033 - CMSIS Pack Vendor :STMicroelectronics X-CUBE-IPS 3.2.0
2026-10-05 18:51:43,043 [INFO] ThirdParty:1033 - CMSIS Pack Vendor :STMicroelectronics eDS-WB_DPC_TT-BIDIR 2.1.1
2026-10-05 18:51:43,043 [INFO] ThirdParty:1033 - CMSIS Pack Vendor :STMicroelectronics X-CUBE-AZRTOS-WB 2.0.0
2026-10-05 18:51:43,043 [INFO] ThirdParty:1033 - CMSIS Pack Vendor :STMicroelectronics X-CUBE-NFC12 1.0.0
2026-10-05 18:51:43,043 [INFO] ThirdParty:1033 - CMSIS Pack Vendor :STMicroelectronics X-CUBE-AZRTOS-F7 1.1.0
2026-10-05 18:51:43,043 [INFO] ThirdParty:1033 - CMSIS Pack Vendor :STMicroelectronics X-CUBE-AZRTOS-L5 2.0.0
2026-10-05 18:51:43,043 [INFO] ThirdParty:1033 - CMSIS Pack Vendor :STMicroelectronics USB_DEVICE 2.0.0
2026-10-05 18:51:43,043 [INFO] ThirdParty:1033 - CMSIS Pack Vendor :STMicroelectronics X-CUBE-FREERTOS 1.6.0
2026-10-05 18:51:43,043 [INFO] ThirdParty:1033 - CMSIS Pack Vendor :quantropi X-CUBE-qispace-sdk-base 2.1.0
2026-10-05 18:51:43,043 [INFO] ThirdParty:1033 - CMSIS Pack Vendor :STMicroelectronics X-CUBE-STSE01 2.0.0
2026-10-05 18:51:43,043 [INFO] ThirdParty:1033 - CMSIS Pack Vendor :STMicroelectronics X-CUBE-ALGOBUILD 1.5.0
2026-10-05 18:51:43,044 [INFO] ThirdParty:1033 - CMSIS Pack Vendor :STMicroelectronics FP-SNS-MOTENV1 5.1.0
2026-10-05 18:51:43,044 [INFO] ThirdParty:1033 - CMSIS Pack Vendor :STMicroelectronics FreeRTOS 0.0.1
2026-10-05 18:51:43,044 [INFO] ThirdParty:1033 - CMSIS Pack Vendor :STMicroelectronics X-CUBE-AZRTOS-H7RS 1.3.0
2026-10-05 18:51:43,044 [INFO] ThirdParty:1033 - CMSIS Pack Vendor :STMicroelectronics X-CUBE-AZRTOS-G0 1.1.0
2026-10-05 18:51:43,044 [INFO] ThirdParty:1033 - CMSIS Pack Vendor :STMicroelectronics X-CUBE-NFC4 3.0.0
2026-10-05 18:51:43,044 [INFO] ThirdParty:1033 - CMSIS Pack Vendor :STMicroelectronics X-CUBE-SUBG2 5.0.0
2026-10-05 18:51:43,044 [INFO] ThirdParty:1033 - CMSIS Pack Vendor :STMicroelectronics STM32_WPAN 1.0.0
2026-10-05 18:51:43,044 [INFO] ThirdParty:1033 - CMSIS Pack Vendor :STMicroelectronics eDS-WB_DPC_VIENNA 1.2.0
2026-10-05 18:51:43,044 [INFO] ThirdParty:1033 - CMSIS Pack Vendor :EmbeddedOffice I-CUBE-FS-RTOS 1.0.1
2026-10-05 18:51:43,044 [INFO] ThirdParty:1033 - CMSIS Pack Vendor :STMicroelectronics lwIP 2.0.3
2026-10-05 18:51:43,044 [INFO] ThirdParty:1033 - CMSIS Pack Vendor :STMicroelectronics X-CUBE-MEMS1 13.0.0
2026-10-05 18:51:43,044 [INFO] ThirdParty:1033 - CMSIS Pack Vendor :STMicroelectronics eDS-WB_DPC_3PH2L-BIDIR 1.1.1
2026-10-05 18:51:43,044 [INFO] ThirdParty:1033 - CMSIS Pack Vendor :STMicroelectronics USB_HOST 1.0.0
2026-10-05 18:51:43,044 [INFO] ThirdParty:1033 - CMSIS Pack Vendor :STMicroelectronics X-CUBE-AZRTOS-G4 2.0.0
2026-10-05 18:51:43,044 [INFO] ThirdParty:1033 - CMSIS Pack Vendor :STMicroelectronics PDM2PCM 3.1.0
2026-10-05 18:51:43,044 [INFO] ThirdParty:1033 - CMSIS Pack Vendor :STMicroelectronics X-CUBE-ST67W61 1.3.0
2026-10-05 18:51:43,044 [INFO] ThirdParty:1033 - CMSIS Pack Vendor :STMicroelectronics PDM2PCM 3.3.0
2026-10-05 18:51:43,044 [INFO] ThirdParty:1033 - CMSIS Pack Vendor :wolfSSL I-CUBE-wolfTPM 3.8.0
2026-10-05 18:51:43,044 [INFO] ThirdParty:1033 - CMSIS Pack Vendor :STMicroelectronics X-CUBE-DISPLAY 3.0.0
2026-10-05 18:51:43,044 [INFO] ThirdParty:1033 - CMSIS Pack Vendor :wolfSSL I-CUBE-wolfSSH 1.4.20
2026-10-05 18:51:43,044 [INFO] ThirdParty:1033 - CMSIS Pack Vendor :STMicroelectronics X-CUBE-NFC7 2.0.0
2026-10-05 18:51:43,044 [INFO] ThirdParty:1033 - CMSIS Pack Vendor :STMicroelectronics X-CUBE-GNSS1 7.1.1
2026-10-05 18:51:43,044 [INFO] ThirdParty:1033 - CMSIS Pack Vendor :STMicroelectronics FP-SNS-MOTENVWB1 1.5.0
2026-10-05 18:51:43,044 [INFO] ThirdParty:1033 - CMSIS Pack Vendor :STMicroelectronics X-CUBE-TCPP 4.2.0
2026-10-05 18:51:43,044 [INFO] ThirdParty:1033 - CMSIS Pack Vendor :RealThread X-CUBE-RT-Thread_Nano 4.1.1
2026-10-05 18:51:43,044 [INFO] ThirdParty:1033 - CMSIS Pack Vendor :STMicroelectronics FP-ATR-SIGFOX1 3.2.0
2026-10-05 18:51:43,044 [INFO] ThirdParty:1033 - CMSIS Pack Vendor :STMicroelectronics X-CUBE-NFC10 1.0.0
2026-10-05 18:51:43,044 [INFO] ThirdParty:1033 - CMSIS Pack Vendor :STMicroelectronics HAL Drivers 0.0.0
2026-10-05 18:51:43,044 [INFO] ThirdParty:1033 - CMSIS Pack Vendor :STMicroelectronics MBEDTLS 2.16.2
2026-10-05 18:51:43,044 [INFO] ThirdParty:1033 - CMSIS Pack Vendor :STMicroelectronics X-CUBE-ST60 1.1.0
2026-10-05 18:51:43,044 [INFO] ThirdParty:1033 - CMSIS Pack Vendor :STMicroelectronics X-CUBE-BLEMGR 4.2.0
2026-10-05 18:51:43,044 [INFO] ThirdParty:1033 - CMSIS Pack Vendor :STMicroelectronics X-CUBE-ALS 1.0.2
2026-10-05 18:51:43,044 [INFO] ThirdParty:1033 - CMSIS Pack Vendor :emotas I-CUBE-CANOPEN 1.3.0
2026-10-05 18:51:43,044 [INFO] ThirdParty:1033 - CMSIS Pack Vendor :STMicroelectronics X-CUBE-WBA 1.1.0
2026-10-05 18:51:43,044 [INFO] ThirdParty:1033 - CMSIS Pack Vendor :STMicroelectronics MBEDTLS 2.14.1
2026-10-05 18:51:43,044 [INFO] ThirdParty:1033 - CMSIS Pack Vendor :wolfSSL I-CUBE-wolfSSL 5.9.4
2026-10-05 18:51:43,044 [INFO] ThirdParty:1033 - CMSIS Pack Vendor :Cesanta I-CUBE-Mongoose 7.23.1
2026-10-05 18:51:43,044 [INFO] ThirdParty:1033 - CMSIS Pack Vendor :ITTIA_DB I-CUBE-ITTIADB 8.9.0
2026-10-05 18:51:43,044 [INFO] ThirdParty:1033 - CMSIS Pack Vendor :STMicroelectronics X-CUBE-TOUCHGFX 4.26.1
2026-10-05 18:51:43,044 [INFO] ThirdParty:1033 - CMSIS Pack Vendor :STMicroelectronics X-CUBE-NFC6 3.2.0
2026-10-05 18:51:43,044 [INFO] ThirdParty:1033 - CMSIS Pack Vendor :STMicroelectronics FP-SNS-STBOX1 2.1.0
2026-10-05 18:51:43,044 [INFO] ThirdParty:1033 - CMSIS Pack Vendor :STMicroelectronics X-CUBE-AI 10.2.1
2026-10-05 18:51:43,044 [INFO] ThirdParty:1033 - CMSIS Pack Vendor :STMicroelectronics ThreadX 1.0.0
2026-10-05 18:51:43,044 [INFO] ThirdParty:1033 - CMSIS Pack Vendor :STMicroelectronics FP-SNS-SMARTAG2 1.2.0
2026-10-05 18:51:43,044 [INFO] ThirdParty:1033 - CMSIS Pack Vendor :STMicroelectronics FP-SNS-FLIGHT1 5.1.0
2026-10-05 18:51:43,044 [INFO] ThirdParty:1033 - CMSIS Pack Vendor :STMicroelectronics X-CUBE-AZRTOS-WL 2.0.0
2026-10-05 18:51:43,044 [INFO] ThirdParty:1033 - CMSIS Pack Vendor :SEGGER I-CUBE-embOS 1.3.1
2026-10-05 18:51:43,044 [INFO] ThirdParty:1033 - CMSIS Pack Vendor :STMicroelectronics X-CUBE-DPower 1.3.0
2026-10-05 18:51:43,044 [INFO] ThirdParty:1033 - CMSIS Pack Vendor :STMicroelectronics USB_DEVICE 1.0.0
2026-10-05 18:51:43,044 [INFO] ThirdParty:1033 - CMSIS Pack Vendor :STMicroelectronics X-CUBE-AZRTOS-L4 2.0.0
2026-10-05 18:51:43,044 [INFO] ThirdParty:1033 - CMSIS Pack Vendor :STMicroelectronics ThreadX 0.0.2
2026-10-05 18:51:43,044 [INFO] ThirdParty:1033 - CMSIS Pack Vendor :STMicroelectronics FP-SNS-STAIOTCFT 2.0.0
2026-10-05 18:51:43,044 [INFO] ThirdParty:1033 - CMSIS Pack Vendor :STMicroelectronics lwIP 2.1.2
2026-10-05 18:51:43,044 [INFO] ThirdParty:1033 - CMSIS Pack Vendor :STMicroelectronics X-CUBE-SFXS2LP1 4.0.0
2026-10-05 18:51:43,044 [INFO] ThirdParty:1033 - CMSIS Pack Vendor :STMicroelectronics X-CUBE-BLE2 3.3.0
2026-10-05 18:51:43,044 [INFO] ThirdParty:1033 - CMSIS Pack Vendor :Avnet-IOTCONNECT X-CUBE-iotc-st67-sdk 1.0.0
2026-10-05 18:51:43,044 [INFO] ThirdParty:1033 - CMSIS Pack Vendor :STMicroelectronics X-CUBE-TOF1 3.4.3
2026-10-05 18:51:43,044 [INFO] ThirdParty:1033 - CMSIS Pack Vendor :Infineon AIROC-Wi-Fi-Bluetooth-STM32 1.8.0
2026-10-05 18:51:43,044 [INFO] ThirdParty:1033 - CMSIS Pack Vendor :STMicroelectronics X-CUBE-NFC13 1.0.0
2026-10-05 18:51:43,044 [INFO] ThirdParty:1033 - CMSIS Pack Vendor :STMicroelectronics PDM2PCM 3.2.0
2026-10-05 18:51:43,044 [INFO] ThirdParty:1033 - CMSIS Pack Vendor :STMicroelectronics X-CUBE-WB05N 2.1.0
2026-10-05 18:51:43,045 [INFO] ThirdParty:844 - exiting critical section [change project]
2026-10-05 18:51:43,419 [INFO] PinOutPanel:1500 - setPackage(No Configuration,No Configuration)
2026-10-05 18:51:43,420 [INFO] PinOutPanel:1500 - setPackage(STM32F407ZGTx,LQFP144)
2026-10-05 18:51:43,749 [INFO] UtilMem:75 - Before build in PCC Used Memory: 200787472 Bytes (557842432)
2026-10-05 18:51:44,316 [INFO] UtilMem:75 - After build in PCC Used Memory: 262653456 Bytes (557842432)
2026-10-05 18:51:44,343 [INFO] IPUIPlugin:83 - create IPUIPlugin
2026-10-05 18:51:44,343 [INFO] IPUIPlugin:83 - create IPUIPlugin
2026-10-05 18:51:44,343 [INFO] IPUIPlugin:83 - create IPUIPlugin
2026-10-05 18:51:44,343 [INFO] IPUIPlugin:83 - create IPUIPlugin
2026-10-05 18:51:44,343 [INFO] IPUIPlugin:83 - create IPUIPlugin
2026-10-05 18:51:44,343 [INFO] IPUIPlugin:83 - create IPUIPlugin
2026-10-05 18:51:44,343 [INFO] IPUIPlugin:83 - create IPUIPlugin
2026-10-05 18:51:44,343 [INFO] IPUIPlugin:83 - create IPUIPlugin
2026-10-05 18:51:44,343 [INFO] IPUIPlugin:83 - create IPUIPlugin
2026-10-05 18:51:44,343 [INFO] IPUIPlugin:83 - create IPUIPlugin
2026-10-05 18:51:44,343 [INFO] IPUIPlugin:83 - create IPUIPlugin
2026-10-05 18:51:44,343 [INFO] IPUIPlugin:83 - create IPUIPlugin
2026-10-05 18:51:44,343 [INFO] IPUIPlugin:83 - create IPUIPlugin
2026-10-05 18:51:44,344 [INFO] IPUIPlugin:83 - create IPUIPlugin
2026-10-05 18:51:44,344 [INFO] IPUIPlugin:83 - create IPUIPlugin
2026-10-05 18:51:44,344 [INFO] IPUIPlugin:83 - create IPUIPlugin
2026-10-05 18:51:44,344 [INFO] IPUIPlugin:83 - create IPUIPlugin
2026-10-05 18:51:44,344 [INFO] IPUIPlugin:83 - create IPUIPlugin
2026-10-05 18:51:44,344 [INFO] IPUIPlugin:83 - create IPUIPlugin
2026-10-05 18:51:44,344 [INFO] IPUIPlugin:83 - create IPUIPlugin
2026-10-05 18:51:44,344 [INFO] IPUIPlugin:83 - create IPUIPlugin
2026-10-05 18:51:44,344 [INFO] IPUIPlugin:83 - create IPUIPlugin
2026-10-05 18:51:44,344 [INFO] IPUIPlugin:83 - create IPUIPlugin
2026-10-05 18:51:44,344 [INFO] IPUIPlugin:83 - create IPUIPlugin
2026-10-05 18:51:44,344 [INFO] IPUIPlugin:83 - create IPUIPlugin
2026-10-05 18:51:44,344 [INFO] IPUIPlugin:83 - create IPUIPlugin
2026-10-05 18:51:44,345 [INFO] IPUIPlugin:83 - create IPUIPlugin
2026-10-05 18:51:44,345 [INFO] IPUIPlugin:83 - create IPUIPlugin
2026-10-05 18:51:44,345 [INFO] IPUIPlugin:83 - create IPUIPlugin
2026-10-05 18:51:44,345 [INFO] IPUIPlugin:83 - create IPUIPlugin
2026-10-05 18:51:44,345 [INFO] IPUIPlugin:83 - create IPUIPlugin
2026-10-05 18:51:44,345 [INFO] IPUIPlugin:83 - create IPUIPlugin
2026-10-05 18:51:44,347 [INFO] IPUIPlugin:83 - create IPUIPlugin
2026-10-05 18:51:44,347 [INFO] IPUIPlugin:83 - create IPUIPlugin
2026-10-05 18:51:44,347 [INFO] IPUIPlugin:83 - create IPUIPlugin
2026-10-05 18:51:44,347 [INFO] IPUIPlugin:83 - create IPUIPlugin
2026-10-05 18:51:44,347 [INFO] IPUIPlugin:83 - create IPUIPlugin
2026-10-05 18:51:44,347 [INFO] IPUIPlugin:83 - create IPUIPlugin
2026-10-05 18:51:44,347 [INFO] IPUIPlugin:83 - create IPUIPlugin
2026-10-05 18:51:44,347 [INFO] IPUIPlugin:83 - create IPUIPlugin
2026-10-05 18:51:44,347 [INFO] IPUIPlugin:83 - create IPUIPlugin
2026-10-05 18:51:44,348 [INFO] IPUIPlugin:83 - create IPUIPlugin
2026-10-05 18:51:44,348 [INFO] IPUIPlugin:83 - create IPUIPlugin
2026-10-05 18:51:44,348 [INFO] IPUIPlugin:83 - create IPUIPlugin
2026-10-05 18:51:44,348 [INFO] IPUIPlugin:83 - create IPUIPlugin
2026-10-05 18:51:44,348 [INFO] IPUIPlugin:83 - create IPUIPlugin
2026-10-05 18:51:44,348 [INFO] IPUIPlugin:83 - create IPUIPlugin
2026-10-05 18:51:44,348 [INFO] IPUIPlugin:83 - create IPUIPlugin
2026-10-05 18:51:44,348 [INFO] IPUIPlugin:83 - create IPUIPlugin
2026-10-05 18:51:44,348 [INFO] IPUIPlugin:83 - create IPUIPlugin
2026-10-05 18:51:44,349 [INFO] IPUIPlugin:83 - create IPUIPlugin
2026-10-05 18:51:44,349 [INFO] IPUIPlugin:83 - create IPUIPlugin
2026-10-05 18:51:44,349 [INFO] IPUIPlugin:83 - create IPUIPlugin
2026-10-05 18:51:44,349 [INFO] IPUIPlugin:83 - create IPUIPlugin
2026-10-05 18:51:44,349 [INFO] IPUIPlugin:83 - create IPUIPlugin
2026-10-05 18:51:44,349 [INFO] IPUIPlugin:83 - create IPUIPlugin
2026-10-05 18:51:44,350 [INFO] IPUIPlugin:83 - create IPUIPlugin
2026-10-05 18:51:44,350 [INFO] IPUIPlugin:83 - create IPUIPlugin
2026-10-05 18:51:44,399 [INFO] ApiDbMcu:530 - Load IP Config File for PDM2PCM
2026-10-05 18:51:44,602 [INFO] ProjectChoiceTab:3888 - New firmware version: STM32Cube FW_F4 V1.28.3 Old firmware version: null
2026-10-05 18:51:44,602 [INFO] ProjectChoiceTab:3898 - H7FWmigrated= false
2026-10-05 18:51:44,606 [INFO] CADModel:153 - CPN selected for project levelSTM32F407ZGT6
2026-10-05 18:51:44,607 [INFO] CADModel:102 - Register for checkConnection events
2026-10-05 18:51:44,724 [INFO] OpenFileManager:403 - Restore cursor
2026-10-05 18:51:44,911 [INFO] ProjectChoiceTab:3888 - New firmware version: STM32Cube FW_F4 V1.28.3 Old firmware version: STM32Cube FW_F4 V1.28.3
OK
project path C:/Users/Li/Desktop/Engineering/drone_comm/build/cubemx_probe/ground_f407
2026-10-05 18:51:45,078 [INFO] ProjectChoiceTab:3888 - New firmware version: STM32Cube FW_F4 V1.28.3 Old firmware version: STM32Cube FW_F4 V1.28.3
2026-10-05 18:51:45,092 [INFO] UtilMem:75 - End SaveConfig() Used Memory: 437765648 Bytes (557842432)
2026-10-05 18:51:45,124 [INFO] ProjectChoiceTab:3888 - New firmware version: STM32Cube FW_F4 V1.28.3 Old firmware version: STM32Cube FW_F4 V1.28.3
OK
config saveas C:/Users/Li/Desktop/Engineering/drone_comm/build/cubemx_probe/ground_f407/ground_f407.ioc
2026-10-05 18:51:45,190 [INFO] ProjectChoiceTab:3888 - New firmware version: STM32Cube FW_F4 V1.28.3 Old firmware version: STM32Cube FW_F4 V1.28.3
2026-10-05 18:51:45,221 [INFO] ProjectChoiceTab:3888 - New firmware version: STM32Cube FW_F4 V1.28.3 Old firmware version: STM32Cube FW_F4 V1.28.3
2026-10-05 18:51:45,226 [INFO] UtilMem:75 - End SaveConfig() Used Memory: 183999368 Bytes (557842432)
2026-10-05 18:51:45,254 [INFO] ProjectChoiceTab:3888 - New firmware version: STM32Cube FW_F4 V1.28.3 Old firmware version: STM32Cube FW_F4 V1.28.3
2026-10-05 18:51:45,278 [INFO] UtilMem:75 - End SaveConfig() Used Memory: 210213768 Bytes (557842432)
2026-10-05 18:51:45,300 [INFO] ProjectChoiceTab:3888 - New firmware version: STM32Cube FW_F4 V1.28.3 Old firmware version: STM32Cube FW_F4 V1.28.3
OK
project generate
2026-10-05 18:51:45,328 [INFO] UtilMem:75 - End SaveConfig() Used Memory: 237476744 Bytes (557842432)
2026-10-05 18:51:45,347 [INFO] ProjectChoiceTab:3888 - New firmware version: STM32Cube FW_F4 V1.28.3 Old firmware version: STM32Cube FW_F4 V1.28.3
2026-10-05 18:51:45,580 [INFO] IPsOverviews:2785 - set Specific Code input for plugin: RNG
2026-10-05 18:51:45,580 [INFO] IPsOverviews:2785 - set Specific Code input for plugin: SYS
2026-10-05 18:51:45,580 [INFO] IPsOverviews:2785 - set Specific Code input for plugin: RCC
2026-10-05 18:51:45,580 [INFO] IPsOverviews:2785 - set Specific Code input for plugin: NVIC
2026-10-05 18:51:45,580 [INFO] IPsOverviews:2785 - set Specific Code input for plugin: USART
2026-10-05 18:51:45,580 [INFO] IPsOverviews:2785 - set Specific Code input for plugin: USART
2026-10-05 18:51:45,580 [INFO] IPsOverviews:2785 - set Specific Code input for plugin: DMA
2026-10-05 18:51:45,580 [INFO] IPsOverviews:2785 - set Specific Code input for plugin: GPIO
2026-10-05 18:51:45,581 [INFO] CodeGenerator:899 - code generatio: config db path: C:\Users\Li\AppData\Local\Programs\STM32CubeMX\\db\
2026-10-05 18:51:45,692 [INFO] CodeEngine:297 - oldGeneratedFile, C:\Users\Li\Desktop\Engineering\drone_comm\build\cubemx_probe\ground_f407\MXTmpFiles\license.tmp_save
2026-10-05 18:51:45,924 [INFO] CodeEngine:321 - Generated code: C:\Users\Li\Desktop\Engineering\drone_comm\build\cubemx_probe\ground_f407\MXTmpFiles\license.tmp
2026-10-05 18:51:46,007 [INFO] CodeEngine:297 - oldGeneratedFile, C:\Users\Li\Desktop\Engineering\drone_comm\build\cubemx_probe\ground_f407\Src\gpio.c_save
2026-10-05 18:51:46,125 [INFO] CodeEngine:321 - Generated code: C:\Users\Li\Desktop\Engineering\drone_comm\build\cubemx_probe\ground_f407\Src\gpio.c
2026-10-05 18:51:46,137 [INFO] CodeEngine:297 - oldGeneratedFile, C:\Users\Li\Desktop\Engineering\drone_comm\build\cubemx_probe\ground_f407\Inc\gpio.h_save
2026-10-05 18:51:46,205 [INFO] CodeEngine:321 - Generated code: C:\Users\Li\Desktop\Engineering\drone_comm\build\cubemx_probe\ground_f407\Inc\gpio.h
2026-10-05 18:51:46,422 [INFO] CodeEngine:297 - oldGeneratedFile, C:\Users\Li\Desktop\Engineering\drone_comm\build\cubemx_probe\ground_f407\Src\dma.c_save
2026-10-05 18:51:46,499 [INFO] CodeEngine:321 - Generated code: C:\Users\Li\Desktop\Engineering\drone_comm\build\cubemx_probe\ground_f407\Src\dma.c
2026-10-05 18:51:46,508 [INFO] CodeEngine:297 - oldGeneratedFile, C:\Users\Li\Desktop\Engineering\drone_comm\build\cubemx_probe\ground_f407\Inc\dma.h_save
2026-10-05 18:51:46,568 [INFO] CodeEngine:321 - Generated code: C:\Users\Li\Desktop\Engineering\drone_comm\build\cubemx_probe\ground_f407\Inc\dma.h
2026-10-05 18:51:46,604 [INFO] CodeEngine:297 - oldGeneratedFile, C:\Users\Li\Desktop\Engineering\drone_comm\build\cubemx_probe\ground_f407\Src\rng.c_save
2026-10-05 18:51:46,747 [INFO] CodeEngine:321 - Generated code: C:\Users\Li\Desktop\Engineering\drone_comm\build\cubemx_probe\ground_f407\Src\rng.c
2026-10-05 18:51:46,756 [INFO] CodeEngine:297 - oldGeneratedFile, C:\Users\Li\Desktop\Engineering\drone_comm\build\cubemx_probe\ground_f407\Inc\rng.h_save
2026-10-05 18:51:46,843 [INFO] CodeEngine:321 - Generated code: C:\Users\Li\Desktop\Engineering\drone_comm\build\cubemx_probe\ground_f407\Inc\rng.h
2026-10-05 18:51:46,881 [INFO] CodeEngine:297 - oldGeneratedFile, C:\Users\Li\Desktop\Engineering\drone_comm\build\cubemx_probe\ground_f407\Src\usart.c_save
2026-10-05 18:51:46,972 [INFO] CodeEngine:321 - Generated code: C:\Users\Li\Desktop\Engineering\drone_comm\build\cubemx_probe\ground_f407\Src\usart.c
2026-10-05 18:51:46,981 [INFO] CodeEngine:297 - oldGeneratedFile, C:\Users\Li\Desktop\Engineering\drone_comm\build\cubemx_probe\ground_f407\Inc\usart.h_save
2026-10-05 18:51:47,036 [INFO] CodeEngine:321 - Generated code: C:\Users\Li\Desktop\Engineering\drone_comm\build\cubemx_probe\ground_f407\Inc\usart.h
2026-10-05 18:51:47,061 [INFO] CodeEngine:297 - oldGeneratedFile, C:\Users\Li\Desktop\Engineering\drone_comm\build\cubemx_probe\ground_f407\Src\stm32f4xx_it.c_save
2026-10-05 18:51:47,130 [INFO] CodeEngine:321 - Generated code: C:\Users\Li\Desktop\Engineering\drone_comm\build\cubemx_probe\ground_f407\Src\stm32f4xx_it.c
2026-10-05 18:51:47,138 [INFO] CodeEngine:297 - oldGeneratedFile, C:\Users\Li\Desktop\Engineering\drone_comm\build\cubemx_probe\ground_f407\Inc\stm32f4xx_it.h_save
2026-10-05 18:51:47,192 [INFO] CodeEngine:321 - Generated code: C:\Users\Li\Desktop\Engineering\drone_comm\build\cubemx_probe\ground_f407\Inc\stm32f4xx_it.h
2026-10-05 18:51:47,217 [INFO] CodeEngine:297 - oldGeneratedFile, C:\Users\Li\Desktop\Engineering\drone_comm\build\cubemx_probe\ground_f407\Src\stm32f4xx_hal_msp.c_save
2026-10-05 18:51:47,282 [INFO] CodeEngine:321 - Generated code: C:\Users\Li\Desktop\Engineering\drone_comm\build\cubemx_probe\ground_f407\Src\stm32f4xx_hal_msp.c
2026-10-05 18:51:47,291 [INFO] CodeEngine:297 - oldGeneratedFile, C:\Users\Li\Desktop\Engineering\drone_comm\build\cubemx_probe\ground_f407\MXTmpFiles\system.tmp_save
2026-10-05 18:51:47,332 [INFO] CodeEngine:321 - Generated code: C:\Users\Li\Desktop\Engineering\drone_comm\build\cubemx_probe\ground_f407\MXTmpFiles\system.tmp
2026-10-05 18:51:47,353 [INFO] CodeEngine:353 - oldGeneratedFile, C:\Users\Li\Desktop\Engineering\drone_comm\build\cubemx_probe\ground_f407\Inc\stm32f4xx_hal_conf.h_save
2026-10-05 18:51:47,400 [INFO] CodeEngine:377 - Generated code: C:\Users\Li\Desktop\Engineering\drone_comm\build\cubemx_probe\ground_f407\Inc\stm32f4xx_hal_conf.h
2026-10-05 18:51:47,429 [INFO] ApiDbMcu:530 - Load IP Config File for RNG
2026-10-05 18:51:47,431 [INFO] ApiDbMcu:530 - Load IP Config File for USART3
2026-10-05 18:51:47,433 [INFO] ApiDbMcu:530 - Load IP Config File for USART6
2026-10-05 18:51:47,435 [INFO] ApiDbMcu:530 - Load IP Config File for RCC
2026-10-05 18:51:47,455 [INFO] CodeEngine:297 - oldGeneratedFile, C:\Users\Li\Desktop\Engineering\drone_comm\build\cubemx_probe\ground_f407\Inc\main.h_save
2026-10-05 18:51:47,523 [INFO] CodeEngine:321 - Generated code: C:\Users\Li\Desktop\Engineering\drone_comm\build\cubemx_probe\ground_f407\Inc\main.h
2026-10-05 18:51:47,531 [INFO] CodeEngine:297 - oldGeneratedFile, C:\Users\Li\Desktop\Engineering\drone_comm\build\cubemx_probe\ground_f407\Src\main.c_save
2026-10-05 18:51:47,625 [INFO] CodeEngine:321 - Generated code: C:\Users\Li\Desktop\Engineering\drone_comm\build\cubemx_probe\ground_f407\Src\main.c
2026-10-05 18:51:47,924 [INFO] ProjectBuilder:3738 - Time for Copy HAL[1] : 124mS.
2026-10-05 18:51:47,929 [INFO] ProjectBuilder:5348 - Project Generator version: 4.10.0-B28
2026-10-05 18:51:47,993 [INFO] ConfigFileManager:1614 - The Die is : DIE413
2026-10-05 18:51:47,999 [INFO] ApiDbMcu:530 - Load IP Config File for FATFS
2026-10-05 18:51:48,002 [INFO] ApiDbMcu:530 - Load IP Config File for FREERTOS
2026-10-05 18:51:48,004 [INFO] ApiDbMcu:530 - Load IP Config File for LIBJPEG
2026-10-05 18:51:48,007 [INFO] ApiDbMcu:530 - Load IP Config File for LWIP
2026-10-05 18:51:48,011 [INFO] ApiDbMcu:530 - Load IP Config File for MBEDTLS
2026-10-05 18:51:48,018 [INFO] ApiDbMcu:530 - Load IP Config File for USB_DEVICE
2026-10-05 18:51:48,022 [INFO] ApiDbMcu:530 - Load IP Config File for USB_HOST
2026-10-05 18:51:48,900 [INFO] ConfigFileManager:3225 - mx.scratch is deleted!
2026-10-05 18:51:48,901 [INFO] ProjectBuilder:5636 - Time for Generating toolchain IDE Files: 972mS.
2026-10-05 18:51:48,901 [INFO] ProjectBuilder:3589 - Time for Copy CMSIS : 0mS.
2026-10-05 18:51:48,904 [INFO] ProjectBuilder:3589 - Time for Copy CMSIS : 0mS.
OK
exit
Bye bye
